precinct_id,gop,dem,lib,county_fips
13001_1b,828,134,16,13001
13001_1c,579,44,6,13001
13001_2,514,864,32,13001
13001_3a1,570,25,5,13001
13001_3c,819,281,22,13001
13001_4b,639,25,2,13001
13001_4d,1021,129,15,13001
13001_5a,660,115,17,13001
13001_5b,676,136,13,13001
13003_axson,461,46,10,13003
13003_pearson-city,238,293,12,13003
13003_pearson-county,1008,164,13,13003
13003_willacoochee,565,270,17,13003
13005_douglas,3929,591,70,13005
13007_anna,94,28,0,13007
13007_elmodel,136,147,4,13007
13007_hoggards-mill,114,115,1,13007
13007_milford,135,65,0,13007
13007_newton,394,293,8,13007
13009_boddie,142,527,14,13009
13009_city-hall-annex,153,312,18,13009
13009_coopers,768,307,27,13009
13009_courthouse,113,166,8,13009
13009_east-baldwin,1561,1127,62,13009
13009_east-hardwick,139,496,19,13009
13009_fire-dept,218,681,25,13009
13009_meriweather,1359,789,56,13009
13009_north-baldwin,1882,779,48,13009
13009_north-milledgeville,803,821,40,13009
13009_scottsboro,407,271,21,13009
13009_south-milledgeville,182,571,13,13009
13009_west-baldwin,735,579,24,13009
13009_west-hardwick,411,1357,51,13009
13011_anderson,882,98,26,13011
13011_baldwin,504,111,13,13011
13011_berlin,263,27,4,13011
13011_bushville,451,41,14,13011
13011_columbia,258,17,4,13011
13011_davids,1089,153,32,13011
13011_golden-hill,538,79,6,13011
13011_grove-river,381,34,8,13011
13011_hollingsworth,418,50,14,13011
13011_homer,937,101,22,13011
13011_poplar-springs,1100,107,29,13011
13011_washington,432,54,8,13011
13011_wilmonts,383,27,10,13011
13013_01-bethlehem-community-center,1692,538,81,13013
13013_02-bethlehem-church-211,3992,910,120,13013
13013_03-hmong-new-hope-alliance-church,3014,888,163,13013
13013_04-covenant-life-sanctuary,1883,600,67,13013
13013_05-fire-station-1-statham,4145,1670,156,13013
13013_08-first-baptist-church-winder,3691,1060,184,13013
13013_13-winder-community-center,3579,1998,188,13013
13013_16-the-church-at-winder,4321,2402,234,13013
13015_adairsville,3734,880,139,13015
13015_allatoona,1926,672,99,13015
13015_cartersville-east,2767,1485,115,13015
13015_cartersville-west,4040,1638,146,13015
13015_cassville,2192,995,104,13015
13015_center,2282,556,80,13015
13015_emerson,1568,396,50,13015
13015_euharlee,2797,832,116,13015
13015_folsom,877,107,22,13015
13015_hamilton-crossing,3186,890,96,13015
13015_kingston,1543,267,49,13015
13015_mission-road,2024,706,65,13015
13015_pine-log,1334,188,49,13015
13015_taylorsville,1830,209,40,13015
13015_white,1625,271,43,13015
13015_woodland,947,293,32,13015
13015_zena-drive,2337,1279,116,13015
13017_east,1249,1135,37,13017
13017_west,2828,1149,79,13017
13019_alapaha,614,197,12,13019
13019_enigma,617,87,9,13019
13019_nashville,3345,636,77,13019
13019_ray-city,1028,211,44,13019
13019_west-berrien,682,73,18,13019
13021_east-macon-1,47,891,28,13021
13021_east-macon-2,173,2101,45,13021
13021_east-macon-3,570,1493,55,13021
13021_east-macon-4,99,1264,17,13021
13021_east-macon-5,368,1232,38,13021
13021_godfrey-1,350,2868,73,13021
13021_godfrey-2,95,756,32,13021
13021_godfrey-3,177,1480,40,13021
13021_godfrey-4,141,781,21,13021
13021_godfrey-5,316,2249,61,13021
13021_hazzard-1,230,1635,33,13021
13021_hazzard-2,1191,1580,58,13021
13021_hazzard-3,1179,3217,74,13021
13021_hazzard-4,2096,1577,65,13021
13021_howard-1,1777,911,31,13021
13021_howard-2,1740,899,33,13021
13021_howard-3,2431,2133,77,13021
13021_howard-4,584,608,32,13021
13021_howard-5,532,868,42,13021
13021_howard-6,884,706,25,13021
13021_howard-7,1434,826,41,13021
13021_rutland-1,2511,1760,58,13021
13021_rutland-2,1546,854,60,13021
13021_vineville-1,684,1439,65,13021
13021_vineville-2,306,899,27,13021
13021_vineville-3,159,1534,42,13021
13021_vineville-4,307,1956,61,13021
13021_vineville-5,927,783,40,13021
13021_vineville-6,969,1088,73,13021
13021_warrior-1,1295,658,23,13021
13021_warrior-2,1527,882,44,13021
13023_fairground,4281,1249,114,13023
13025_hoboken,2158,163,27,13025
13025_nahunta,2463,249,43,13025
13025_waynesville,2191,276,46,13025
13027_barwick,177,65,3,13027
13027_briggs,1121,314,26,13027
13027_dixie,367,374,12,13027
13027_morven,922,371,23,13027
13027_nankin,408,85,6,13027
13027_pavo,308,114,8,13027
13027_quitman,947,1284,41,13027
13029_black-creek,1410,395,41,13029
13029_danielsiding,1193,408,66,13029
13029_ellabell,1268,299,36,13029
13029_hwy-144-east,2501,1347,105,13029
13029_jf-gregory-park,1658,534,55,13029
13029_keller,2226,948,82,13029
13029_pembroke,1089,547,48,13029
13029_public-safety-complex,910,635,57,13029
13029_rh-rec-complex,1118,858,69,13029
13029_ways-station,694,526,40,13029
13031_bay,968,202,24,13031
13031_blitch,1128,389,19,13031
13031_brooklet,1851,563,52,13031
13031_church,1759,1896,97,13031
13031_emit,1608,715,75,13031
13031_fair,2552,1652,99,13031
13031_hagin,1054,550,37,13031
13031_leefield,615,111,23,13031
13031_lockhart,376,150,10,13031
13031_nevils,729,162,18,13031
13031_pittman-park,982,1669,106,13031
13031_portal,822,304,22,13031
13031_register,406,210,13,13031
13031_sinkhole,294,57,5,13031
13031_statesboro,1922,1977,89,13031
13031_stilson,1166,239,26,13031
13033_alexander,159,104,6,13033
13033_blakeney,165,230,2,13033
13033_four-points,1080,481,25,13033
13033_girard,229,227,9,13033
13033_gough,113,189,7,13033
13033_greenscut,402,261,14,13033
13033_keysville,111,141,7,13033
13033_midville,129,168,5,13033
13033_munnerlyn,112,80,4,13033
13033_north-waynesboro,500,1239,24,13033
13033_sardis,391,244,6,13033
13033_scotts-crossroads,67,121,1,13033
13033_south-waynesboro,1303,955,35,13033
13033_st-clair,171,140,4,13033
13033_telfair,372,306,11,13033
13033_vidette,103,103,4,13033
13035_butts-county-admin-bldg,8328,3128,215,13035
13037_arlington,118,343,6,13037
13037_edison,69,230,4,13037
13037_edison-arlington,164,225,2,13037
13037_leary,234,275,9,13037
13037_morgan,348,138,7,13037
13039_browntown,372,67,21,13039
13039_east-kingsland,2783,1491,184,13039
13039_harrietts-bluff,1053,281,48,13039
13039_kingsland,744,458,59,13039
13039_mush-bluff,1275,596,103,13039
13039_north-kingsland,727,758,76,13039
13039_north-st-marys,524,376,61,13039
13039_south-st-marys,1003,516,38,13039
13039_st-marys,1206,793,101,13039
13039_tarboro,480,181,14,13039
13039_waverly,876,330,21,13039
13039_west-kingsland,1325,460,71,13039
13039_west-st-marys,1794,640,65,13039
13039_woodbine,825,520,33,13039
13043_jack-strickland-comm-center,3078,1233,60,13043
13045_bethany,1549,1043,83,13045
13045_bonner,1353,979,53,13045
13045_bowdon,1453,470,51,13045
13045_bowdon-junction,720,218,26,13045
13045_burson-center,633,310,22,13045
13045_burwell,874,183,21,13045
13045_center-point,1188,146,18,13045
13045_clem,2063,594,68,13045
13045_county-admin-bldg,994,693,62,13045
13045_fairfield,2124,740,65,13045
13045_hulett,1389,294,45,13045
13045_kansas,775,68,19,13045
13045_lakeshore-rec-center,573,426,31,13045
13045_mt-zion,1441,269,36,13045
13045_oak-grove,840,237,32,13045
13045_old-camp-church,1229,397,40,13045
13045_roopville,1861,302,50,13045
13045_sandhill,2006,746,77,13045
13045_tabernacle-church,717,389,27,13045
13045_temple-city,1496,761,64,13045
13045_temple-county,2093,489,76,13045
13045_tyus,1163,179,13,13045
13045_university-of-w-ga,704,549,24,13045
13045_v-r-county-north,2277,1002,123,13045
13045_v-r-county-south,1466,397,40,13045
13045_villa-rica-city,2008,2098,135,13045
13045_west-carrollton,797,1358,92,13045
13045_whitesburg,1211,212,34,13045
13047_blackstock,1055,205,43,13047
13047_boynton,3441,937,145,13047
13047_catoosa-keith,1476,326,64,13047
13047_chambers,1624,338,46,13047
13047_ft-oglethorpe,1922,669,93,13047
13047_graysville,2398,616,91,13047
13047_lakeview,1584,467,93,13047
13047_poplar-springs,2375,562,85,13047
13047_ringgold,4009,1247,162,13047
13047_westside,2877,860,111,13047
13047_woodstation,1810,372,71,13047
13049_american-legion,527,49,10,13049
13049_folkston,723,769,49,13049
13049_folkston-fire,478,50,20,13049
13049_ga-bend,318,25,4,13049
13049_homeland,522,63,10,13049
13049_racepond,187,22,1,13049
13049_st-george,401,22,6,13049
13049_winokur,201,16,4,13049
13051_1-01c-first-presbyterian-church,973,1543,47,13051
13051_1-05c-jea-building,593,925,37,13051
13051_1-06c-central-church-of-christ,865,670,36,13051
13051_1-08c-grace-united-methodist-church,634,553,20,13051
13051_1-09c-immanuel-baptist-church,182,250,9,13051
13051_1-10c-st-thomas-episcopal-church,643,279,18,13051
13051_1-12c-isle-of-hope-baptist,1127,484,16,13051
13051_1-13c-the-sanctuary,579,404,22,13051
13051_1-14c-compassion-christian-church,779,481,19,13051
13051_1-16c-ferguson-ave-baptist,1491,568,30,13051
13051_1-17c-islands-christian-church,1680,792,46,13051
13051_2-02c-blackshear-community-center,171,685,20,13051
13051_2-03c-w-w-law-center,126,686,26,13051
13051_2-04c-fellowship-of-love-church,132,1597,45,13051
13051_2-05c-holy-spirit-lutheran-church,132,1098,37,13051
13051_2-06c-eli-whitney-complex,58,324,13,13051
13051_2-07c-christ-community-church,234,1299,38,13051
13051_2-09c-salvation-army,252,1696,50,13051
13051_2-11c-stillwell-towers,164,816,17,13051
13051_2-12c-williams-court-apts,121,797,36,13051
13051_3-01c-old-courthouse,126,165,7,13051
13051_3-02c-temple-mickve-israel,437,655,19,13051
13051_3-03c-savannah-high-school,69,517,13,13051
13051_3-04c-first-african-baptist-church,68,775,15,13051
13051_3-05c-aldersgate-youth-center,272,871,46,13051
13051_3-08c-jenkins-high-school,218,557,15,13051
13051_3-09c-cokesbury-methodist,285,224,12,13051
13051_3-10c-bible-baptist-church,215,1351,29,13051
13051_3-11c-southside-baptist-church,158,693,19,13051
13051_3-12c-thunderbolt-muni-complex,506,627,30,13051
13051_3-13c-new-cov-7-day-adv-ch,523,820,29,13051
13051_3-14c-oglethorpe-charter-academy,329,1167,25,13051
13051_3-15c-eli-whitney-complex,292,338,13,13051
13051_4-02c-frank-murray-comm-center,1002,652,35,13051
13051_4-04c-lighthouse-baptist-church,1221,578,39,13051
13051_4-05c-st-francis-episcopal-church,1111,577,54,13051
13051_4-06c-first-baptist-of-the-island,1228,523,29,13051
13051_4-07c-wilmington-island-umc,1569,853,56,13051
13051_4-08c-wilmington-island-pres-church,1520,634,29,13051
13051_4-10c-guard-house-comm-ctr,694,435,21,13051
13051_4-11c-tybee-island-school-cafe,772,477,13,13051
13051_4-12c-st-peters-episcopal,1399,553,17,13051
13051_4-13c-skidaway-island-pres-church,1468,644,11,13051
13051_4-14c-skidaway-island-baptist,992,491,9,13051
13051_4-15c-skidaway-island-state-park,1044,505,13,13051
13051_5-01c-bartlett-middle-school,151,438,24,13051
13051_5-02c-senior-citizens-center,46,347,7,13051
13051_5-03c-butler-presbyterian-church,21,528,15,13051
13051_5-05c-liberty-city-comm-ctr,61,1551,27,13051
13051_5-06c-seed-church,184,1019,45,13051
13051_5-07c-station-1,243,769,37,13051
13051_5-08c-savannah-primitive-bc,285,792,34,13051
13051_5-10c-tatumville-community-center,106,1859,41,13051
13051_5-11c-largo-tibet-elementary,383,1289,50,13051
13051_6-01c-white-bluff-presbyterian,384,739,47,13051
13051_6-02c-windsor-forest-baptist,1006,748,38,13051
13051_6-03c-crusader-comm-center,794,1131,35,13051
13051_6-05c-windsor-hall,423,785,33,13051
13051_6-06c-the-light-church,424,459,41,13051
13051_6-08c-christ-memorial-baptist-church,317,873,38,13051
13051_6-09c-trinity-lutheran-church,945,1246,63,13051
13051_6-10c-station-3,1356,1529,56,13051
13051_6-11c-bamboo-farms,951,2081,83,13051
13051_7-01c-garden-city-senior-ctr,474,401,29,13051
13051_7-03c-pb-edwards-gym,500,238,22,13051
13051_7-04c-lake-shore-comm-ctr,420,1449,47,13051
13051_7-05c-woodlawn-baptist-church,297,435,12,13051
13051_7-06c-pooler-city-hall,1004,1073,56,13051
13051_7-07c-rothwell-baptist-church,1563,992,68,13051
13051_7-08c-bloomingdale-comm-ctr,1342,363,44,13051
13051_7-09c-savannah-holy-c-of-g,700,960,33,13051
13051_7-10c-progressive-rec-center,861,1634,83,13051
13051_7-11c-seventh-day-adv-church,1404,2470,135,13051
13051_7-12c-pooler-church,925,1340,58,13051
13051_7-13c-southside-fire-trng-ctr,1288,750,32,13051
13051_7-14c-coastal-cathedral,1615,3269,119,13051
13051_7-15c-rice-creek-school,529,965,44,13051
13051_7-16c-pooler-recreation-center-gymnasium,1416,1176,68,13051
13051_8-01c-civic-center,66,252,7,13051
13051_8-02c-hellenic-center,171,800,32,13051
13051_8-03c-silk-hope-baptist-church,297,159,10,13051
13051_8-05c-w-broad-st-ymca,38,620,21,13051
13051_8-06c-tompkins-rec-center,24,490,17,13051
13051_8-07c-woodville-tompkins-ti,15,315,6,13051
13051_8-08c-resur-of-our-lord-church,29,846,14,13051
13051_8-09c-moses-jackson-center,20,658,17,13051
13051_8-10c-carver-heights-comm-ctr,23,957,17,13051
13051_8-11c-butler-elementary,26,914,8,13051
13051_8-12c-beach-high-school,112,528,14,13051
13051_8-13c-savannah-christian,254,131,20,13051
13051_8-15c-garden-city-rec-center,73,735,8,13051
13051_8-16c-royal-cinemas-and-imax,968,1141,51,13051
13053_activity-center,850,636,60,13053
13055_alpine,530,111,15,13055
13055_cloudland,219,71,9,13055
13055_coldwater,119,66,4,13055
13055_dirtseller,109,19,3,13055
13055_dirttown,578,119,18,13055
13055_haywood,97,16,2,13055
13055_lyerly,520,104,29,13055
13055_pennville,292,52,7,13055
13055_seminole,89,12,4,13055
13055_subligna,336,38,4,13055
13055_summerville,2560,837,100,13055
13055_teloga,399,52,8,13055
13055_trion,1929,389,72,13055
13057_air-acres,1523,881,74,13057
13057_arnold-mill,2812,1023,107,13057
13057_avery,2305,523,75,13057
13057_ball-ground,2496,463,97,13057
13057_bascomb,2123,953,87,13057
13057_bells,2243,1746,139,13057
13057_booth,2098,929,74,13057
13057_bradshaw,2698,876,86,13057
13057_bridgemill,2995,1037,102,13057
13057_canton,3776,1770,142,13057
13057_carmel,1712,1237,103,13057
13057_clayton,2832,748,115,13057
13057_conns-creek,608,61,9,13057
13057_deer-run,1510,775,67,13057
13057_dixie,2282,1522,154,13057
13057_freehome,3646,897,105,13057
13057_hickory-flat,4039,1676,167,13057
13057_hightower,2276,417,67,13057
13057_hillside,1803,685,58,13057
13057_holly-springs,1542,563,101,13057
13057_kellogg,2332,1213,136,13057
13057_liberty,3882,1850,211,13057
13057_little-river,3655,2120,137,13057
13057_macedonia,3027,813,91,13057
13057_mountain-road,1731,606,97,13057
13057_neese,3290,2055,190,13057
13057_oak-grove,1804,754,70,13057
13057_r-m-moore,2213,307,67,13057
13057_r-t-jones,1018,492,46,13057
13057_rosecreek,1980,855,88,13057
13057_salacoa,439,65,14,13057
13057_sixes,1820,631,58,13057
13057_sutallee,1664,319,48,13057
13057_teasley,4273,1567,204,13057
13057_toonigh,3433,1477,161,13057
13057_union-hill,2706,649,84,13057
13057_univeter,3141,811,104,13057
13057_victoria,1657,553,85,13057
13057_waleska,1705,476,54,13057
13057_wildcat,1724,570,85,13057
13057_woodlands,1561,1008,87,13057
13057_woodstock,3010,1955,168,13057
13059_1a,709,1156,68,13059
13059_1b,822,1621,67,13059
13059_1c,595,1207,31,13059
13059_1d,849,1386,49,13059
13059_2a,465,1805,60,13059
13059_2b,344,2244,72,13059
13059_3a,191,1259,40,13059
13059_3b,465,1759,58,13059
13059_4a,338,929,47,13059
13059_4b,810,1877,73,13059
13059_5a,686,1587,61,13059
13059_5b,609,1466,68,13059
13059_5c,187,1386,21,13059
13059_5d,457,1370,49,13059
13059_6a,1188,1399,83,13059
13059_6b,940,1691,69,13059
13059_6c,930,1286,52,13059
13059_6d,321,951,33,13059
13059_7a,817,1310,44,13059
13059_7b,823,1310,60,13059
13059_7c,758,1248,48,13059
13059_8a,635,1476,56,13059
13059_8b,448,1067,35,13059
13059_8c,691,1759,79,13059
13061_bluffton,175,84,8,13061
13061_court-house,59,188,1,13061
13061_days-cross-road,202,144,1,13061
13061_old-head-start,134,165,5,13061
13061_zetto,77,167,6,13061
13063_ellenwood-1,115,1994,35,13063
13063_ellenwood-2,164,2084,50,13063
13063_forest-park-1,287,1202,58,13063
13063_forest-park-2,255,1175,33,13063
13063_forest-park-3,254,1035,39,13063
13063_forest-park-4,326,649,28,13063
13063_forest-park-5,356,1481,39,13063
13063_forest-park-6,293,509,19,13063
13063_jonesboro-1,149,1775,40,13063
13063_jonesboro-10,184,1391,36,13063
13063_jonesboro-11,503,2022,58,13063
13063_jonesboro-12,119,1553,33,13063
13063_jonesboro-13,199,1208,22,13063
13063_jonesboro-14,818,2102,53,13063
13063_jonesboro-15,134,1116,42,13063
13063_jonesboro-16,180,1117,37,13063
13063_jonesboro-17,138,1520,47,13063
13063_jonesboro-18,237,1590,40,13063
13063_jonesboro-19,166,1655,38,13063
13063_jonesboro-2,167,2331,47,13063
13063_jonesboro-3,432,2145,47,13063
13063_jonesboro-4,210,934,42,13063
13063_jonesboro-5,282,1010,26,13063
13063_jonesboro-6,882,1069,31,13063
13063_jonesboro-7,376,1586,35,13063
13063_jonesboro-8,164,1724,43,13063
13063_jonesboro-9,130,614,26,13063
13063_lake-city,219,1398,50,13063
13063_lovejoy-1,334,2214,52,13063
13063_lovejoy-2,242,1735,61,13063
13063_lovejoy-3,200,1021,32,13063
13063_lovejoy-4,248,2382,44,13063
13063_lovejoy-5,162,1776,40,13063
13063_lovejoy-6,230,2044,48,13063
13063_lovejoy-7,235,1182,36,13063
13063_morrow-1,171,1454,45,13063
13063_morrow-10,234,1159,33,13063
13063_morrow-11,151,1158,29,13063
13063_morrow-2,420,799,35,13063
13063_morrow-3,369,1038,47,13063
13063_morrow-4,245,879,25,13063
13063_morrow-5,227,1877,49,13063
13063_morrow-6,322,1554,48,13063
13063_morrow-7,208,918,27,13063
13063_morrow-8,165,1857,41,13063
13063_morrow-9,127,700,30,13063
13063_oak-1,58,1311,42,13063
13063_oak-2,63,869,26,13063
13063_oak-3,57,1335,37,13063
13063_oak-4,116,1997,51,13063
13063_oak-5,52,647,9,13063
13063_panhandle-1,208,1795,42,13063
13063_panhandle-2,467,1837,44,13063
13063_riverdale-1,111,1414,33,13063
13063_riverdale-10,61,1273,41,13063
13063_riverdale-11,69,1092,19,13063
13063_riverdale-12,147,1686,40,13063
13063_riverdale-2,111,1751,37,13063
13063_riverdale-3,133,1993,44,13063
13063_riverdale-4,219,1985,62,13063
13063_riverdale-5,156,1507,44,13063
13063_riverdale-6,220,1329,32,13063
13063_riverdale-7,196,1107,33,13063
13063_riverdale-8,181,1709,31,13063
13063_riverdale-9,187,1326,22,13063
13065_arabia,69,9,3,13065
13065_argyle,212,42,4,13065
13065_dupont,180,51,1,13065
13065_fargo,165,21,3,13065
13065_homerville,1457,537,43,13065
13067_acworth-1a,1914,1940,115,13067
13067_acworth-1b,1896,1617,110,13067
13067_acworth-1c,1164,2183,112,13067
13067_addison-01,949,937,51,13067
13067_austell-1a,593,2637,76,13067
13067_baker-01,1307,1928,105,13067
13067_bells-ferry-02,1139,1080,77,13067
13067_bells-ferry-03,780,830,63,13067
13067_bells-ferry-04,1441,1129,99,13067
13067_big-shanty-01,822,721,51,13067
13067_big-shanty-02,1248,1173,54,13067
13067_birney-01,635,1098,66,13067
13067_birney-02,922,1926,68,13067
13067_blackwell-01,914,1069,68,13067
13067_bryant-01,94,1342,29,13067
13067_bryant-02,225,2761,76,13067
13067_chalker-01,1336,2380,129,13067
13067_chattahoochee-01,984,2779,134,13067
13067_cheatham-hill-02,1435,992,67,13067
13067_cheatham-hill-03,1651,1559,75,13067
13067_chestnut-ridge-01,1554,1088,48,13067
13067_clarkdale-01,456,742,34,13067
13067_clarkdale-02,995,2549,88,13067
13067_cooper-01,662,2563,74,13067
13067_davis-01,879,776,42,13067
13067_dickerson-01,1287,1044,52,13067
13067_dobbins-01,360,1012,49,13067
13067_dobbins-02,603,1726,88,13067
13067_dodgen-01,983,735,49,13067
13067_dowell-01,1124,1315,56,13067
13067_durham-01,2305,1088,89,13067
13067_east-piedmont-01,785,1038,55,13067
13067_eastside-01,1441,1062,50,13067
13067_eastside-02,1825,1435,92,13067
13067_elizabeth-01,712,1698,63,13067
13067_elizabeth-02,1035,815,43,13067
13067_elizabeth-03,1242,962,51,13067
13067_elizabeth-04,734,1242,74,13067
13067_elizabeth-05,1155,1076,62,13067
13067_fair-oaks-02,911,2507,91,13067
13067_fair-oaks-04,812,1773,98,13067
13067_ford-01,1720,786,44,13067
13067_frey-01,1283,692,50,13067
13067_fullers-park-01,1485,1280,84,13067
13067_garrison-mill-01,1245,1023,62,13067
13067_gritters-01,1588,1299,104,13067
13067_harmony-leland-01,678,3722,105,13067
13067_harrison-01,1677,776,60,13067
13067_hayes-01,2040,1160,62,13067
13067_hightower-01,1947,1515,79,13067
13067_kell-01,850,668,60,13067
13067_kemp-01,1047,504,45,13067
13067_kemp-02,1805,1338,63,13067
13067_kemp-03,2230,950,53,13067
13067_kennesaw-1a,743,846,63,13067
13067_kennesaw-2a,1344,1302,82,13067
13067_kennesaw-3a,1540,2575,151,13067
13067_kennesaw-4a,1274,1318,79,13067
13067_kennesaw-5a,1954,2404,117,13067
13067_lassiter-01,1694,1219,74,13067
13067_lindley-01,812,2842,82,13067
13067_lost-mountain-01,1765,1173,60,13067
13067_lost-mountain-02,2377,1118,65,13067
13067_lost-mountain-03,2640,1611,96,13067
13067_lost-mountain-04,1318,763,39,13067
13067_mableton-01,1013,2450,98,13067
13067_mableton-02,525,1378,49,13067
13067_mableton-03,887,1213,57,13067
13067_mableton-04,575,674,26,13067
13067_mabry-01,879,485,25,13067
13067_macland-01,736,2132,69,13067
13067_marietta-1a,719,1561,85,13067
13067_marietta-2a,975,706,47,13067
13067_marietta-2b,1184,1834,78,13067
13067_marietta-3a,1507,1621,95,13067
13067_marietta-3b,226,1089,37,13067
13067_marietta-4a,1168,483,40,13067
13067_marietta-4b,732,770,42,13067
13067_marietta-4c,1362,872,41,13067
13067_marietta-5a,602,1401,70,13067
13067_marietta-5b,363,1234,42,13067
13067_marietta-6a,367,1134,55,13067
13067_marietta-6b,1015,1204,69,13067
13067_marietta-7a,341,1414,75,13067
13067_mars-hill-01,1975,698,77,13067
13067_mars-hill-02,1117,898,94,13067
13067_mccleskey-01,832,568,37,13067
13067_mcclure-01,1629,920,66,13067
13067_mceachern-01,1039,1602,48,13067
13067_mt-bethel-01,1935,1443,73,13067
13067_mt-bethel-03,1393,1223,49,13067
13067_mt-bethel-04,1394,997,47,13067
13067_murdock-01,1825,1463,73,13067
13067_nicholson-01,971,801,75,13067
13067_nickajack-01,815,2596,80,13067
13067_north-cobb-01,773,845,59,13067
13067_norton-park-01,1155,1904,112,13067
13067_oakdale-01,1200,1773,75,13067
13067_oregon-01,769,538,44,13067
13067_oregon-02,959,2746,112,13067
13067_oregon-03,834,2197,110,13067
13067_oregon-04,893,2248,68,13067
13067_oregon-05,1233,1770,69,13067
13067_palmer-01,1114,843,72,13067
13067_pebblebrook-01,585,2622,84,13067
13067_pine-mountain-01,1827,974,54,13067
13067_pine-mountain-02,1828,750,54,13067
13067_pitner-01,1119,929,69,13067
13067_pope-01,1405,1100,62,13067
13067_post-oak-01,1748,1179,69,13067
13067_powders-springs-1a,997,2488,105,13067
13067_powders-springs-2a,454,1747,76,13067
13067_powders-springs-3a,703,1945,67,13067
13067_powers-ferry-01,1233,1231,91,13067
13067_riverside-01,113,973,32,13067
13067_rocky-mount-01,1503,1135,64,13067
13067_roswell-01,2511,1952,92,13067
13067_roswell-02,1694,1343,61,13067
13067_sandy-plains-01,1125,1136,88,13067
13067_sewell-mill-01,1402,1355,64,13067
13067_sewell-mill-03,1273,1787,82,13067
13067_shallowford-falls-01,1598,1176,63,13067
13067_simpson-01,779,687,36,13067
13067_smyrna-1a,559,1873,71,13067
13067_smyrna-2a,855,2702,121,13067
13067_smyrna-3a,995,2094,90,13067
13067_smyrna-3b,771,1107,58,13067
13067_smyrna-4a,2001,2628,113,13067
13067_smyrna-5a,842,1910,97,13067
13067_smyrna-6a,1840,2623,115,13067
13067_smyrna-7a,1511,3566,104,13067
13067_sope-creek-01,1044,755,29,13067
13067_sope-creek-02,1800,1765,75,13067
13067_sope-creek-03,1300,967,33,13067
13067_sweetwater-01,863,1413,47,13067
13067_sweetwater-02,431,1472,52,13067
13067_terrell-mill-01,1066,2365,113,13067
13067_timber-ridge-01,1130,910,32,13067
13067_vaughan-01,1647,814,87,13067
13067_vinings-01,733,1536,60,13067
13067_vinings-02,1512,2821,111,13067
13067_vinings-03,1088,2092,59,13067
13067_vinings-04,1423,1204,34,13067
13067_wade-green-02,1598,1803,107,13067
13067_willeo-01,1356,983,50,13067
13069_ambrose,1089,259,22,13069
13069_bridgetown,186,58,6,13069
13069_broxton,1177,365,24,13069
13069_douglas,6436,3289,198,13069
13069_nicholls,933,272,32,13069
13069_west-green,603,38,4,13069
13071_autreyville,726,195,19,13071
13071_bridgecreek,781,100,12,13071
13071_crosland,139,47,1,13071
13071_doerun,286,138,7,13071
13071_funston,610,99,12,13071
13071_hamilton,503,51,13,13071
13071_hartsfield,291,27,0,13071
13071_hopewell,971,165,26,13071
13071_lee,556,103,8,13071
13071_millcreek,274,26,5,13071
13071_monk,869,171,10,13071
13071_moultrie,1797,1110,49,13071
13071_murphy,662,97,13,13071
13071_norman-park,1209,366,25,13071
13071_robinson,470,85,16,13071
13071_shaw,433,1097,26,13071
13071_thigpen,158,14,1,13071
13071_tyty,328,26,6,13071
13071_warrior,581,73,8,13071
13073_abilene-baptist,951,453,35,13073
13073_augusta-christian,1008,576,40,13073
13073_belair-baptist-church,1092,655,51,13073
13073_bessie-thomas-center,525,81,16,13073
13073_blanchard-park,782,580,40,13073
13073_blue-ridge-elementary,1013,584,57,13073
13073_christ-church-presbyterian,1175,463,23,13073
13073_christ-sanctified,1269,543,47,13073
13073_christ-the-king-luth-church,1199,520,15,13073
13073_church-of-our-savior,972,631,39,13073
13073_col-cty-bd-of-edu,1060,539,37,13073
13073_col-cty-main-library,1010,529,25,13073
13073_damascus-baptist-church,718,90,13,13073
13073_eubank-blanchard-center,940,269,16,13073
13073_g-a-apostolic-church,733,449,36,13073
13073_genesis-church,949,435,37,13073
13073_gold-cross-ems,1001,351,32,13073
13073_gospel-water-branch,1038,615,20,13073
13073_grace-baptist-church,1559,1107,64,13073
13073_greenbrier-high,1916,722,57,13073
13073_grove-first-baptist-church,778,1111,63,13073
13073_grovetown-methodist-church,603,1001,48,13073
13073_grovetown-public-safety-station-2,1023,1365,93,13073
13073_harlem-branch-library,1384,441,52,13073
13073_harlem-senior-center,818,508,46,13073
13073_journey-comm-church,811,220,15,13073
13073_kiokee-baptist-church,1773,283,34,13073
13073_lakeside-middle,832,486,42,13073
13073_lewis-methodist-church,1725,1078,73,13073
13073_liberty-park-grovetown,1048,1116,72,13073
13073_martinez-baptist,764,509,36,13073
13073_marvin-methodist,847,500,32,13073
13073_mtz-col-fire-hdqtr,506,303,25,13073
13073_new-life-church,1458,1596,123,13073
13073_parkway-baptist-church,2337,1226,70,13073
13073_patriots-park,1879,1094,78,13073
13073_philadelphia-church,948,697,68,13073
13073_riverview-church,695,353,22,13073
13073_savannah-rapids-pavilion,1002,356,15,13073
13073_second-mt-carmel-baptist-church,271,280,2,13073
13073_second-mt-moriah-baptist-church,622,139,29,13073
13073_stevens-creek-church,1579,687,30,13073
13073_trinity-baptist-church,1480,548,44,13073
13073_wesley-methodist,1309,552,40,13073
13073_west-acres-baptist,1231,544,31,13073
13073_westside-baptist-church,869,310,24,13073
13073_woodlawn-baptist-church,718,264,21,13073
13075_cecil,650,476,31,13075
13075_delle-beamguard,1231,402,28,13075
13075_elm-pine,23,242,9,13075
13075_lenox,691,171,18,13075
13075_massee,512,114,10,13075
13075_new-life-baptist-church,752,109,22,13075
13075_riverbend,783,126,16,13075
13075_sparks,222,323,11,13075
13077_cannongate,2213,629,74,13077
13077_cedar-creek,3229,963,102,13077
13077_central,837,1512,78,13077
13077_coweta-central-library,1038,311,27,13077
13077_dresden,505,117,16,13077
13077_expo-center,1047,427,38,13077
13077_fischer-road,2433,878,84,13077
13077_grantville,1201,502,48,13077
13077_greentop,1235,738,60,13077
13077_haralson,1452,304,47,13077
13077_madras,2291,1135,95,13077
13077_moreland,1760,386,46,13077
13077_newnan,849,1264,55,13077
13077_newnan-centre,8507,6097,370,13077
13077_northside,1129,570,57,13077
13077_panther-creek,1612,494,63,13077
13077_pine-road,1272,240,29,13077
13077_raymond,1495,376,44,13077
13077_senoia,3424,1095,108,13077
13077_sharpsburg,2760,696,82,13077
13077_smokey-road,919,748,49,13077
13077_thomas-crossroads,2921,852,92,13077
13077_turin,2804,734,80,13077
13077_welcome,1813,484,52,13077
13077_westside,177,336,15,13077
13077_white-oak,2376,1027,97,13077
13079_district-1a,189,133,5,13079
13079_district-1b,301,402,11,13079
13079_district-2,682,507,28,13079
13079_district-3,1022,181,28,13079
13079_district-4,1095,163,28,13079
13079_district-5,1041,175,35,13079
13081_arabi,459,104,6,13081
13081_coney,627,81,4,13081
13081_cordele,2559,2495,86,13081
13081_jamestown,838,98,4,13081
13081_listonia,571,31,5,13081
13083_davis,1152,120,44,13083
13083_new-home,390,67,11,13083
13083_new-salem,707,194,24,13083
13083_north-dade,922,271,37,13083
13083_south-dade,505,120,25,13083
13083_trenton,1560,299,42,13083
13083_west-brow,635,182,25,13083
13085_central,6088,775,204,13085
13085_east,5486,1052,181,13085
13085_west,1643,462,33,13085
13087_attapulgus,461,764,18,13087
13087_bainbridge-coliseum,2341,1524,57,13087
13087_bdge-fairgrounds,995,1030,64,13087
13087_brinson,472,132,8,13087
13087_climax,559,190,6,13087
13087_kendrick,306,101,3,13087
13087_mt-pleasant,391,50,2,13087
13087_recovery,380,117,5,13087
13087_west-bainbridge,791,655,27,13087
13089_allgood-elem,189,1682,39,13089
13089_ashford-dunwoody-rd,1133,1318,39,13089
13089_ashford-park-elem,1008,946,45,13089
13089_ashford-parkside,1153,1573,50,13089
13089_austin,1225,949,29,13089
13089_austin-drive,90,1250,41,13089
13089_avondale,586,1881,58,13089
13089_avondale-high,294,2144,49,13089
13089_bethune-middle,128,2637,38,13089
13089_bouldercrest-road,55,1270,15,13089
13089_boulevard,308,3243,62,13089
13089_briar-vista-elem,489,1705,46,13089
13089_briarcliff,824,1459,49,13089
13089_briarlake-elem,538,915,33,13089
13089_briarwood,688,1071,38,13089
13089_brockett,560,1308,52,13089
13089_brockett-elem,567,1344,42,13089
13089_brookhaven,1247,1484,58,13089
13089_browns-mill-elem,98,2610,44,13089
13089_burgess-elem,193,2376,50,13089
13089_canby-lane-elem,55,1170,31,13089
13089_candler,129,1807,45,13089
13089_candler-murphey-candler-elem,159,2279,52,13089
13089_candler-park,357,3030,49,13089
13089_cedar-grove-elem,86,2519,49,13089
13089_cedar-grove-middle,46,865,25,13089
13089_cedar-grove-south,105,2534,53,13089
13089_chamblee,526,1061,52,13089
13089_chamblee-2,930,1524,58,13089
13089_chapel-hill-elem,75,2122,46,13089
13089_chesnut-elem,437,1222,32,13089
13089_clairemont-east,427,2265,35,13089
13089_clairemont-west,427,2317,46,13089
13089_clairmont-road,497,1844,27,13089
13089_clarkston,178,1726,50,13089
13089_clarkston-community-center,205,1170,42,13089
13089_clifton,47,975,16,13089
13089_coan-recreation-center,271,2611,68,13089
13089_columbia-drive,58,1246,26,13089
13089_columbia-elem,28,707,7,13089
13089_columbia-middle,40,1082,20,13089
13089_coralwood,779,1856,45,13089
13089_covington,152,1141,30,13089
13089_covington-hwy,14,210,8,13089
13089_cross-keys-high,533,1039,41,13089
13089_crossroads,79,1710,37,13089
13089_decatur,164,1438,27,13089
13089_doraville-north,454,1371,50,13089
13089_doraville-south,237,575,24,13089
13089_dresden-elem,896,2358,90,13089
13089_druid-hills-high,338,1362,27,13089
13089_dunaire-elem,166,1184,37,13089
13089_dunwoody,775,1400,45,13089
13089_dunwoody-2,900,829,28,13089
13089_dunwoody-library,1214,965,42,13089
13089_east-lake,294,2610,74,13089
13089_embry-hills,464,874,32,13089
13089_emory-road,164,1155,16,13089
13089_emory-south,506,1942,49,13089
13089_evansdale-elem,811,1658,47,13089
13089_fairington-elem,88,2639,57,13089
13089_fernbank-elem,414,1447,15,13089
13089_flakes-mill-fire-station,55,1271,18,13089
13089_flat-rock-elem,83,2078,37,13089
13089_flat-shoals,40,1275,34,13089
13089_flat-shoals-elem,47,1238,23,13089
13089_flat-shoals-library,43,1366,32,13089
13089_flat-shoals-parkway,77,2244,35,13089
13089_freedom-middle,182,1652,36,13089
13089_georgetown-sq,949,1859,49,13089
13089_glenhaven,113,993,22,13089
13089_glennwood,241,1713,43,13089
13089_glenwood-road,91,1105,25,13089
13089_gresham-road,104,2135,52,13089
13089_hambrick-elem,323,1948,45,13089
13089_harris-margaret-harris-ed,187,858,29,13089
13089_harris-narvie-j-harris-elem,70,2531,35,13089
13089_hawthorne-elem,670,1953,61,13089
13089_henderson-mill,776,1541,59,13089
13089_hugh-howell,526,873,29,13089
13089_huntley-hills-elem,625,1748,74,13089
13089_idlewood-elem,328,1282,23,13089
13089_indian-creek,204,992,33,13089
13089_johnson-estates,351,1028,17,13089
13089_jolly-elem,393,1716,51,13089
13089_kelley-chapel-road,34,894,9,13089
13089_kelley-lake-elem,84,1576,43,13089
13089_kingsley-elem,1164,937,27,13089
13089_kittredge-elem,837,960,45,13089
13089_knollwood,101,1359,34,13089
13089_lakeside-high,923,1647,54,13089
13089_lavista,557,1544,47,13089
13089_lavista-road,472,1223,31,13089
13089_lin-mary-lin-elem,377,2026,36,13089
13089_lithonia,72,813,25,13089
13089_lithonia-high,58,1917,51,13089
13089_livsey-elem,426,683,20,13089
13089_marbut-elem,72,2328,59,13089
13089_mathis-bob-mathis-elem,91,1828,24,13089
13089_mclendon,423,1975,72,13089
13089_mcnair,88,1588,37,13089
13089_mcnair-academy,54,1188,25,13089
13089_mcnair-high,166,2606,52,13089
13089_mcwilliams,55,1643,24,13089
13089_meadowview,86,1931,47,13089
13089_medlock,346,1401,42,13089
13089_memorial-south,145,1328,24,13089
13089_metropolitan,181,2254,60,13089
13089_midvale-elem,1014,1257,44,13089
13089_midvale-road,231,1028,25,13089
13089_midway,124,1524,37,13089
13089_miller-eldridge-l-miller-elem,135,1900,39,13089
13089_miller-grove,86,2382,44,13089
13089_miller-grove-high,61,1666,42,13089
13089_miller-grove-road,64,1381,24,13089
13089_montclair-elem,174,1041,20,13089
13089_montgomery-elem,893,1119,46,13089
13089_montreal,392,1405,42,13089
13089_mount-vernon-east,1215,1001,44,13089
13089_mount-vernon-west,901,967,39,13089
13089_north-decatur,204,1188,34,13089
13089_north-hairston,148,1215,27,13089
13089_north-peachtree,362,820,31,13089
13089_northlake,369,861,25,13089
13089_oak-grove-elem,593,1243,35,13089
13089_oak-view-elem,81,2788,59,13089
13089_oakcliff-elem,354,909,20,13089
13089_oakhurst,185,1831,40,13089
13089_panola,59,913,11,13089
13089_panola-road,54,1742,28,13089
13089_panola-way-elem,51,1089,24,13089
13089_peachcrest,111,1186,39,13089
13089_peachtree-middle,641,1758,66,13089
13089_pine-lake,44,425,11,13089
13089_piney-grove,59,1021,21,13089
13089_pleasantdale-road,384,2036,69,13089
13089_ponce-de-leon,304,2523,37,13089
13089_princeton-elem,60,1453,26,13089
13089_rainbow-elem,104,2267,31,13089
13089_redan-elem,69,1913,32,13089
13089_redan-middle,84,1497,32,13089
13089_redan-road,73,1600,32,13089
13089_redan-trotti-library,82,2241,48,13089
13089_rehoboth,449,972,43,13089
13089_rock-chapel-elem,66,1812,31,13089
13089_rock-chapel-road,216,2596,46,13089
13089_rockbridge-elem,152,1725,43,13089
13089_rockbridge-road,127,2690,42,13089
13089_rowland-elem,123,1741,51,13089
13089_rowland-road,100,1163,29,13089
13089_sagamore-hills-elem,824,1657,39,13089
13089_salem-middle,85,2415,40,13089
13089_scott,349,1709,48,13089
13089_shadow-rock-elem,124,2835,40,13089
13089_shamrock,312,986,26,13089
13089_shaw-robert-shaw-elem,164,1594,53,13089
13089_silver-lake,1707,1935,79,13089
13089_skyland,731,907,35,13089
13089_smoke-rise,672,1033,35,13089
13089_snapfinger-elem,47,1250,25,13089
13089_snapfinger-road,112,3450,49,13089
13089_snapfinger-road-n,62,1357,37,13089
13089_snapfinger-road-s,60,1276,24,13089
13089_south-deshon,83,2134,32,13089
13089_south-hairston,97,2024,46,13089
13089_stephenson-high,140,2193,44,13089
13089_stephenson-middle,146,2403,35,13089
13089_stone-mill-elem,123,1411,38,13089
13089_stone-mountain-elem,379,1137,40,13089
13089_stone-mtn,180,777,24,13089
13089_stone-mtn-champion,176,1474,43,13089
13089_stone-mtn-middle,131,1189,24,13089
13089_stonecrest-library,92,2237,30,13089
13089_stoneview-elem,64,876,27,13089
13089_terry-mill,81,1758,38,13089
13089_tilly-mill-road,646,619,31,13089
13089_toney-elem,39,948,31,13089
13089_tucker,643,1453,37,13089
13089_tucker-library,1017,1682,71,13089
13089_valley-brook,158,632,12,13089
13089_wadsworth,70,1781,42,13089
13089_warren-tech,261,638,27,13089
13089_wesley-chapel-library,71,1995,27,13089
13089_white-oak,47,1441,36,13089
13089_winnona-park,197,1464,26,13089
13089_winters-chapel,568,603,27,13089
13089_woodridge-elem,134,2060,41,13089
13089_woodrow-road,117,1775,39,13089
13089_woodward,570,1721,48,13089
13089_wynbrooke-elem,143,2358,40,13089
13089_young-road,49,1268,30,13089
13091_chauncey,245,56,3,13091
13091_clark,66,4,1,13091
13091_eddin,527,231,10,13091
13091_empire,283,27,11,13091
13091_jaybird,102,43,2,13091
13091_jones,266,47,7,13091
13091_lee,1974,1088,66,13091
13091_mccranie,191,37,1,13091
13091_milan,185,43,1,13091
13091_mitchell,215,52,5,13091
13091_mullis,276,72,9,13091
13091_plainfield,297,37,1,13091
13091_pondtown,390,107,5,13091
13091_rawlins,486,148,12,13091
13091_vilula,132,7,2,13091
13091_yonker,158,22,2,13091
13093_byromville,229,212,6,13093
13093_lilly,174,169,4,13093
13093_pinehurst,286,90,10,13093
13093_unadilla,542,514,20,13093
13093_vienna,927,841,35,13093
13095_1st-christian-church,602,464,19,13095
13095_2nd-mt-zion-church,532,450,13,13095
13095_albany-middle-school,74,840,10,13095
13095_alice-coachman-elementary,18,484,6,13095
13095_bill-miller-center,114,965,16,13095
13095_carver-teen-center,30,605,6,13095
13095_christ-church,924,559,13,13095
13095_covenant-church,659,736,19,13095
13095_darton-college,525,1983,28,13095
13095_greenbriar-church,1410,1478,32,13095
13095_international-studies,183,469,7,13095
13095_jackson-heights-elementary,47,1061,14,13095
13095_lamar-reese-elementary,45,621,7,13095
13095_litman-cathedral,49,628,12,13095
13095_lovett-hall,19,378,7,13095
13095_merry-acres-middle,819,757,26,13095
13095_mt-zion-center,68,1709,27,13095
13095_palmyra-methodist,808,735,37,13095
13095_phoebe-east,200,1176,20,13095
13095_phoebe-healthworks,135,486,15,13095
13095_pine-bluff-baptist-church,450,849,22,13095
13095_putney-1st-baptist-church,847,890,29,13095
13095_radium-middle-school,117,287,5,13095
13095_sherwood-elementary,704,1179,45,13095
13095_shiloh-baptist-church,53,630,14,13095
13095_turner-elementary,21,243,10,13095
13095_westover-high-school,1012,1404,30,13095
13095_westtown-elementary,118,1756,13,13095
13097_arbor-station,570,1307,55,13097
13097_atlanta-west-pentecostal,233,1852,50,13097
13097_beulah-baptist-church,1104,1167,66,13097
13097_boundary-waters,370,2472,56,13097
13097_bright-star,1000,783,40,13097
13097_chapel-hill,740,2072,68,13097
13097_chestnut-log,651,2033,69,13097
13097_church-at-chapel-hill,1346,3199,75,13097
13097_deer-lick,739,1066,48,13097
13097_dog-river-library,2812,1016,85,13097
13097_dorsett-shoals,1315,1074,84,13097
13097_ephesus-baptist-church,2264,742,58,13097
13097_factory-shoals,750,2296,72,13097
13097_first-baptist-douglasville,735,1119,28,13097
13097_first-baptist-lithia-springs,572,648,54,13097
13097_golden-methodist-church,470,2877,105,13097
13097_lithia-springs-high-school,646,3271,78,13097
13097_lutheran-church-gs,934,1785,52,13097
13097_mirror-lake-elementary,1937,2482,121,13097
13097_old-courthouse,1010,2157,107,13097
13097_prays-mill-gym,2146,1663,99,13097
13097_st-julians-episcopal,733,731,47,13097
13097_stewart,264,1662,37,13097
13097_turner,1020,1436,53,13097
13097_winston,517,731,27,13097
13099_arlington,302,354,7,13099
13099_blakely,897,1309,40,13099
13099_cedar-springs,636,172,12,13099
13099_cuba,541,299,9,13099
13099_urquhart,420,98,9,13099
13101_statenville,1232,162,24,13101
13103_1a,1122,312,48,13103
13103_1b,1695,343,63,13103
13103_1c,766,220,24,13103
13103_1d,1203,196,33,13103
13103_2a,1713,484,78,13103
13103_2b,1484,539,64,13103
13103_2c,2334,934,97,13103
13103_3a,819,178,21,13103
13103_3b,728,391,25,13103
13103_3c,1094,328,25,13103
13103_3d,1570,600,55,13103
13103_4a,1908,594,68,13103
13103_4b,825,409,24,13103
13103_4c,1560,330,58,13103
13103_5a,1514,443,51,13103
13103_5b,1671,958,64,13103
13103_5c,826,368,30,13103
13105_centerville,604,141,8,13105
13105_elberton,1329,1202,45,13105
13105_eliam,476,135,4,13105
13105_gaines,372,54,5,13105
13105_goshen,954,232,20,13105
13105_longstreet,352,109,7,13105
13105_moss-ruckersville,267,78,7,13105
13105_petersburg,243,48,2,13105
13105_pike,741,428,27,13105
13105_webbsboro,251,73,3,13105
13105_wyche,636,217,5,13105
13107_adrian,479,66,15,13107
13107_blundale,544,30,3,13107
13107_canoochee,397,96,6,13107
13107_cross-green,65,113,2,13107
13107_garfield,294,75,5,13107
13107_nunez,222,48,4,13107
13107_oak-park,446,38,5,13107
13107_stillmore,252,125,13,13107
13107_summertown,285,78,2,13107
13107_swainsboro,2792,1666,72,13107
13107_twin-city,737,385,8,13107
13109_veterans-community-center,2876,1251,64,13109
13111_colwell,708,147,9,13111
13111_fairplay,715,168,13,13111
13111_flinthill,1776,288,50,13111
13111_hemptown,778,170,20,13111
13111_hothouse,768,156,16,13111
13111_mineral-bluff,1146,206,24,13111
13111_mobile,697,119,21,13111
13111_morganton,1254,252,27,13111
13111_noontootla,519,128,7,13111
13111_skeniah,206,51,11,13111
13111_sugar-creek,1448,303,31,13111
13111_toccoa,1957,427,70,13111
13113_aberdeen,908,439,32,13113
13113_antioch,778,530,35,13113
13113_banks,534,581,28,13113
13113_blackrock,557,1368,30,13113
13113_braelinn,1142,328,34,13113
13113_brooks,1665,299,32,13113
13113_camp-creek,1022,454,39,13113
13113_dogwood,1537,903,54,13113
13113_europe,302,2078,41,13113
13113_fayetteville-east,544,826,37,13113
13113_fayetteville-west,630,910,39,13113
13113_fielding-ridge,1725,1029,65,13113
13113_flat-creek,888,578,46,13113
13113_flint,436,772,25,13113
13113_harps-crossing,734,400,21,13113
13113_hopeful,581,1013,37,13113
13113_jeff-davis,600,1170,38,13113
13113_kedron,2003,1643,99,13113
13113_kenwood,153,594,9,13113
13113_mcintosh,1695,892,46,13113
13113_morning-creek,844,1338,33,13113
13113_murphy,1093,1152,40,13113
13113_oak-grove,648,375,26,13113
13113_oak-ridge,622,966,23,13113
13113_rareover,1558,742,88,13113
13113_rising-star,2325,964,75,13113
13113_sandy-creek,1316,2170,73,13113
13113_shakerag-east,778,451,26,13113
13113_shakerag-west,657,363,36,13113
13113_spring-hill,966,1298,36,13113
13113_starrsmill,1726,572,46,13113
13113_whitewater,1870,890,49,13113
13113_willow-pond,1135,1090,52,13113
13113_willowbend,971,513,42,13113
13113_windgate,501,267,38,13113
13113_woolsey,1409,408,41,13113
13115_alto-park,1606,563,66,13115
13115_armuchee,735,136,21,13115
13115_barkers,1340,218,33,13115
13115_cave-spring,835,218,31,13115
13115_chulio,669,127,18,13115
13115_east-lindale,1597,485,60,13115
13115_east-rome,1201,1087,63,13115
13115_etowah,2581,686,63,13115
13115_everett-springs,264,53,6,13115
13115_floyd-springs,1122,136,25,13115
13115_fosters-mill,592,76,19,13115
13115_garden-lakes,959,424,39,13115
13115_glenwood,1693,504,71,13115
13115_howell,925,106,14,13115
13115_mt-alto-north,1659,1314,92,13115
13115_mt-alto-south,1357,1018,60,13115
13115_north-carolina,908,195,38,13115
13115_north-rome,955,885,55,13115
13115_riverside,388,132,12,13115
13115_south-rome,188,528,34,13115
13115_texas-valley,531,74,9,13115
13115_town-rome,949,711,51,13115
13115_vanns-valley,396,98,13,13115
13115_watters,1932,349,64,13115
13115_west-lindale,1344,361,51,13115
13117_01-big-creek,5147,3667,197,13117
13117_02-brandywine,1415,1747,82,13117
13117_03-browns-bridge,6061,1720,261,13117
13117_04-chestatee,4147,836,140,13117
13117_05-coal-mountain,4332,1476,177,13117
13117_06-crossroads,3932,1018,167,13117
13117_07-cumming,2942,1248,157,13117
13117_08-mashburn,4701,1769,176,13117
13117_10-midway,6510,2860,250,13117
13117_15-heardsville,4769,1401,178,13117
13117_16-otwell,3535,1149,149,13117
13117_19-old-atlanta,1862,1070,60,13117
13117_21-south-forsyth,4533,2097,111,13117
13117_25-windermere,4689,3021,149,13117
13117_27-concord,5955,1593,239,13117
13117_29-polo,5498,3029,216,13117
13117_34-fowler,2216,1584,97,13117
13117_35-johns-creek,3628,2948,138,13117
13117_36-nichols,3408,2188,153,13117
13117_37-sawnee,6372,2808,289,13117
13119_canon,780,112,18,13119
13119_carnesville,1564,183,18,13119
13119_lavonia,1211,336,34,13119
13119_northeast-franklin,1731,295,29,13119
13119_royston,1120,259,32,13119
13119_southwest-franklin,1545,162,32,13119
13119_west-franklin,1042,118,24,13119
13121_01a,271,2524,55,13121
13121_01b,329,2903,73,13121
13121_01c,43,699,26,13121
13121_01d,40,422,6,13121
13121_01e,317,2369,44,13121
13121_01f,23,478,18,13121
13121_01g,84,1136,31,13121
13121_01h,18,387,15,13121
13121_01i,1,0,0,13121
13121_01j,83,1238,42,13121
13121_01p,23,593,11,13121
13121_01r,33,459,19,13121
13121_01s,54,913,19,13121
13121_01t,76,794,19,13121
13121_02a,792,2810,66,13121
13121_02a1,101,333,17,13121
13121_02b,164,1218,43,13121
13121_02c,135,1138,37,13121
13121_02d,553,3053,79,13121
13121_02e,174,1421,20,13121
13121_02f1,331,2001,55,13121
13121_02f2,72,421,9,13121
13121_02g,408,2426,66,13121
13121_02j,199,1379,37,13121
13121_02k,145,887,32,13121
13121_02l1,746,3308,80,13121
13121_02l1a,129,704,11,13121
13121_02l2,269,1242,21,13121
13121_02s,41,443,11,13121
13121_02w,101,538,16,13121
13121_03a,38,755,17,13121
13121_03b,17,195,17,13121
13121_03c,27,704,24,13121
13121_03d,29,411,18,13121
13121_03e,54,1007,30,13121
13121_03f,254,1208,36,13121
13121_03g,11,267,11,13121
13121_03h,18,385,15,13121
13121_03i,99,545,14,13121
13121_03l,12,204,6,13121
13121_03m,101,435,19,13121
13121_03n,48,848,28,13121
13121_03p1a,328,2064,60,13121
13121_03p2,0,7,0,13121
13121_03s,13,402,10,13121
13121_03t,44,755,29,13121
13121_04a,22,572,14,13121
13121_04b,34,736,17,13121
13121_04c,0,52,0,13121
13121_04d,43,783,22,13121
13121_04f,119,1113,29,13121
13121_04g,10,381,15,13121
13121_04i,71,745,22,13121
13121_04j,10,174,7,13121
13121_04k,45,1254,29,13121
13121_04l,49,902,30,13121
13121_04m,13,316,15,13121
13121_04s,56,1160,26,13121
13121_04t,23,645,18,13121
13121_04v,50,1266,44,13121
13121_04w,3,221,3,13121
13121_04x1,54,1015,26,13121
13121_04x2,23,381,14,13121
13121_05a1,228,1938,50,13121
13121_05a2,247,2123,46,13121
13121_05b,67,1022,20,13121
13121_05c,5,40,0,13121
13121_05d,4,88,1,13121
13121_05f,12,124,5,13121
13121_05j,50,420,10,13121
13121_05k,113,1072,45,13121
13121_06b,272,1168,21,13121
13121_06d,1073,4174,82,13121
13121_06d1,362,1115,21,13121
13121_06d2,135,355,10,13121
13121_06e,329,1248,39,13121
13121_06f,382,1624,50,13121
13121_06g,81,333,11,13121
13121_06i,355,2087,63,13121
13121_06j,423,1765,50,13121
13121_06l1,215,578,9,13121
13121_06l2,192,375,9,13121
13121_06n,443,722,22,13121
13121_06q,23,315,7,13121
13121_06r,316,1017,27,13121
13121_07a,2226,3070,99,13121
13121_07b,1497,941,37,13121
13121_07c,1389,1771,37,13121
13121_07d,1326,1877,46,13121
13121_07e,561,1110,37,13121
13121_07f,1209,1604,50,13121
13121_07h,698,921,29,13121
13121_07j,832,1402,43,13121
13121_07m,470,987,30,13121
13121_07n,220,1047,33,13121
13121_08a,1176,1184,40,13121
13121_08b,1520,1208,50,13121
13121_08c,795,400,12,13121
13121_08d,578,296,13,13121
13121_08e,1249,903,22,13121
13121_08f1,1183,664,22,13121
13121_08g,807,1164,45,13121
13121_08h,1176,901,24,13121
13121_08j,1207,1389,47,13121
13121_08k,309,508,22,13121
13121_08l,1064,2132,78,13121
13121_08m,1087,688,20,13121
13121_08n1,403,262,6,13121
13121_08n2,513,667,22,13121
13121_08p,212,895,35,13121
13121_09a,668,2015,69,13121
13121_09b,6,172,3,13121
13121_09c,61,1574,40,13121
13121_09d,41,933,26,13121
13121_09e,128,1474,37,13121
13121_09f,1164,1750,53,13121
13121_09g,643,2095,70,13121
13121_09h,87,602,24,13121
13121_09i,34,548,19,13121
13121_09k,79,1555,61,13121
13121_09k1,24,447,16,13121
13121_09m,348,1515,59,13121
13121_10a,52,1712,35,13121
13121_10b,72,2557,44,13121
13121_10c,34,1116,34,13121
13121_10d,94,2063,60,13121
13121_10e,29,557,11,13121
13121_10f,24,633,8,13121
13121_10g,33,832,18,13121
13121_10h1,7,266,5,13121
13121_10h2,39,1033,39,13121
13121_10i,11,256,2,13121
13121_10j,22,463,13,13121
13121_10k,45,950,22,13121
13121_10m,54,1513,40,13121
13121_10p,28,699,21,13121
13121_10r,14,375,15,13121
13121_11b,75,2499,37,13121
13121_11b1,15,392,6,13121
13121_11c,46,2070,33,13121
13121_11e1,41,670,14,13121
13121_11e2,18,569,15,13121
13121_11e3,59,1964,29,13121
13121_11g,54,901,32,13121
13121_11h,20,361,12,13121
13121_11j,43,1013,31,13121
13121_11k,46,1141,26,13121
13121_11m,21,1036,10,13121
13121_11m1,36,729,17,13121
13121_11n,59,1414,32,13121
13121_11p,32,1060,28,13121
13121_11r,29,794,21,13121
13121_12a,172,2608,69,13121
13121_12a1,23,359,17,13121
13121_12d,33,564,14,13121
13121_12e1,58,637,24,13121
13121_12f,27,486,11,13121
13121_12g,26,414,4,13121
13121_12h1,21,344,14,13121
13121_12h2,47,1348,32,13121
13121_12i,21,466,21,13121
13121_12j,58,1308,29,13121
13121_12k,93,1476,57,13121
13121_12l,14,258,9,13121
13121_12m,48,1288,44,13121
13121_12n,17,397,12,13121
13121_12s,31,977,21,13121
13121_ap01a,2004,2038,58,13121
13121_ap01b,411,460,25,13121
13121_ap01c,960,887,41,13121
13121_ap01d,286,376,19,13121
13121_ap021,1313,1196,64,13121
13121_ap022,790,938,42,13121
13121_ap02b,212,260,11,13121
13121_ap03,94,316,15,13121
13121_ap04a,813,603,29,13121
13121_ap04b,216,174,11,13121
13121_ap05,1981,1762,51,13121
13121_ap06,948,619,30,13121
13121_ap07a,1398,1367,80,13121
13121_ap07b,800,704,23,13121
13121_ap09a,1573,1795,79,13121
13121_ap09b,253,433,15,13121
13121_ap10,501,297,25,13121
13121_ap12a,188,304,13,13121
13121_ap12b,195,387,17,13121
13121_ap12c,996,719,36,13121
13121_ap14,1220,1322,55,13121
13121_ch01,58,146,6,13121
13121_ch02,147,97,4,13121
13121_ch03,203,96,9,13121
13121_ch04a,340,317,13,13121
13121_ch05,231,89,10,13121
13121_cp011,148,596,20,13121
13121_cp012,155,752,22,13121
13121_cp01b,71,174,9,13121
13121_cp02,75,580,18,13121
13121_cp04a,2,2,0,13121
13121_cp04b,2,15,2,13121
13121_cp051,33,917,20,13121
13121_cp05b,5,71,2,13121
13121_cp06a,15,216,5,13121
13121_cp07b,2,2,0,13121
13121_cp07c,2,69,2,13121
13121_cp07d,12,213,10,13121
13121_cp07e,1,39,2,13121
13121_cp07f,2,60,3,13121
13121_cp081,8,98,4,13121
13121_cp083,3,34,0,13121
13121_cp084,0,0,0,13121
13121_cp08a,10,166,6,13121
13121_ep01a,149,1445,48,13121
13121_ep01b,126,1565,52,13121
13121_ep02a,65,1002,27,13121
13121_ep02b,161,963,20,13121
13121_ep02c,43,257,11,13121
13121_ep02d,10,234,1,13121
13121_ep02e,50,678,29,13121
13121_ep03a,170,2628,55,13121
13121_ep03b,63,1006,12,13121
13121_ep04a,102,2513,49,13121
13121_ep04b,38,1484,23,13121
13121_ep04c,17,432,8,13121
13121_fa01a,273,2185,57,13121
13121_fa01b,338,3012,59,13121
13121_fa01c,28,442,8,13121
13121_fa01d,14,157,7,13121
13121_fc01,5,169,8,13121
13121_fc02,10,45,4,13121
13121_fc03,1,16,0,13121
13121_hp01,543,1570,76,13121
13121_jc01,1265,2116,53,13121
13121_jc01a,364,657,21,13121
13121_jc02,908,1242,37,13121
13121_jc03a,212,267,7,13121
13121_jc03b,459,734,42,13121
13121_jc04a,1163,1394,39,13121
13121_jc04b,86,138,4,13121
13121_jc04c,383,549,38,13121
13121_jc05,746,976,44,13121
13121_jc06,1019,1010,34,13121
13121_jc07,1464,2018,69,13121
13121_jc08,1052,1185,64,13121
13121_jc09,972,1358,52,13121
13121_jc10,718,1194,64,13121
13121_jc11,1426,1208,62,13121
13121_jc12,1391,826,32,13121
13121_jc13a,1139,676,25,13121
13121_jc13b,167,63,2,13121
13121_jc14,1117,946,28,13121
13121_jc15,256,421,23,13121
13121_jc16,995,1050,54,13121
13121_jc18,1237,1048,36,13121
13121_jc19,1421,1696,74,13121
13121_ml01a,1334,956,43,13121
13121_ml01b,353,192,8,13121
13121_ml02a,1469,599,38,13121
13121_ml02b,1022,492,32,13121
13121_ml03,2005,986,54,13121
13121_ml03a,155,52,4,13121
13121_ml04,1633,1001,33,13121
13121_ml05,1852,1747,58,13121
13121_ml06a,451,896,39,13121
13121_ml06b,783,1387,53,13121
13121_ml07a,425,216,11,13121
13121_ml07b,860,442,28,13121
13121_mp01,182,179,14,13121
13121_pa01,405,1366,47,13121
13121_rw01,2375,1743,92,13121
13121_rw02,1663,1565,82,13121
13121_rw03,1392,1915,101,13121
13121_rw04,697,809,40,13121
13121_rw05,617,1166,60,13121
13121_rw06,1000,1257,42,13121
13121_rw07a,141,726,38,13121
13121_rw07b,72,200,9,13121
13121_rw08,1095,709,36,13121
13121_rw09,2354,1478,77,13121
13121_rw09a,839,440,27,13121
13121_rw10,1727,1180,72,13121
13121_rw11a,952,1060,52,13121
13121_rw12,1987,1553,67,13121
13121_rw12a,872,657,34,13121
13121_rw13,1447,1445,76,13121
13121_rw16,918,732,32,13121
13121_rw17,774,1298,82,13121
13121_rw19,1017,713,39,13121
13121_rw20,1108,1039,42,13121
13121_rw21,1490,1094,53,13121
13121_rw22a,1138,1934,87,13121
13121_sc01a,4,48,1,13121
13121_sc01b,47,1544,20,13121
13121_sc01c,57,1582,13,13121
13121_sc02,30,1026,5,13121
13121_sc04,210,512,14,13121
13121_sc05a,11,453,11,13121
13121_sc05b,89,2408,37,13121
13121_sc05d,62,1817,28,13121
13121_sc05e,72,397,6,13121
13121_sc07a,341,2985,62,13121
13121_sc07c,2,10,1,13121
13121_sc07d,45,1047,21,13121
13121_sc08b,107,2399,61,13121
13121_sc08c,2,68,0,13121
13121_sc08d,8,350,4,13121
13121_sc08e,7,420,11,13121
13121_sc08f,11,415,6,13121
13121_sc08g,0,3,0,13121
13121_sc08h,0,0,0,13121
13121_sc09a,42,915,22,13121
13121_sc09b,38,1187,24,13121
13121_sc09c,42,990,20,13121
13121_sc10,37,757,16,13121
13121_sc11a,32,950,17,13121
13121_sc11b,42,952,13,13121
13121_sc13,109,1856,41,13121
13121_sc14a,21,476,11,13121
13121_sc15,154,3010,46,13121
13121_sc15a,36,1525,22,13121
13121_sc16a,91,3573,32,13121
13121_sc17a,2,39,3,13121
13121_sc17b,1,4,0,13121
13121_sc17c,42,725,16,13121
13121_sc18a,15,363,10,13121
13121_sc18b,23,645,10,13121
13121_sc18c,60,1495,14,13121
13121_sc19a,8,133,1,13121
13121_sc19b,33,773,23,13121
13121_sc20,53,1957,22,13121
13121_sc211,58,1196,26,13121
13121_sc212,150,2529,44,13121
13121_sc23a,73,2054,49,13121
13121_sc23b,22,315,10,13121
13121_sc23c,49,1458,22,13121
13121_sc27,46,1326,25,13121
13121_sc29a,71,1734,41,13121
13121_sc30a,5,112,1,13121
13121_sc30b,20,556,20,13121
13121_ss01,2213,1599,68,13121
13121_ss02a,367,519,20,13121
13121_ss02b,236,658,26,13121
13121_ss03,523,685,18,13121
13121_ss04,920,1710,66,13121
13121_ss05,771,789,19,13121
13121_ss06,694,696,27,13121
13121_ss07a,521,463,10,13121
13121_ss07b,208,345,11,13121
13121_ss07c,249,270,13,13121
13121_ss08a,385,892,26,13121
13121_ss08b,264,279,16,13121
13121_ss08c,151,340,12,13121
13121_ss08d,334,678,24,13121
13121_ss09a,1421,1130,41,13121
13121_ss09b,1551,1366,35,13121
13121_ss11a,1009,1691,69,13121
13121_ss11b,238,638,15,13121
13121_ss11c,31,160,7,13121
13121_ss11d,158,157,7,13121
13121_ss12,1066,1146,37,13121
13121_ss13a,708,784,29,13121
13121_ss13b,394,509,20,13121
13121_ss14,755,404,13,13121
13121_ss15a,234,1237,41,13121
13121_ss15b,351,726,41,13121
13121_ss16,946,779,24,13121
13121_ss17,1333,1353,42,13121
13121_ss18a,270,267,8,13121
13121_ss18b,101,92,2,13121
13121_ss19a,504,1470,74,13121
13121_ss19b,473,1161,43,13121
13121_ss20,471,1020,29,13121
13121_ss22,704,1022,40,13121
13121_ss26,370,1720,104,13121
13121_ss29a,790,1221,43,13121
13121_ss31,534,728,27,13121
13121_uc01a,92,1824,51,13121
13121_uc01b,9,215,6,13121
13121_uc01d,0,0,0,13121
13121_uc01e,15,373,5,13121
13121_uc02a,145,3576,71,13121
13121_uc02b,4,15,1,13121
13121_uc02c,103,1471,49,13121
13121_uc031,253,1187,35,13121
13121_uc032,39,223,5,13121
13123_big-creek,897,189,33,13123
13123_boardtown,935,198,27,13123
13123_cartecay,1042,153,25,13123
13123_cherry-log,559,156,15,13123
13123_east-ellijay,1025,193,20,13123
13123_ellijay-north,1026,194,37,13123
13123_ellijay-northeast,1093,249,26,13123
13123_ellijay-south,1724,475,44,13123
13123_leaches,1702,373,56,13123
13123_mountaintown,701,136,21,13123
13123_tails-creek,1000,157,38,13123
13123_town-creek,703,117,24,13123
13123_yukon,799,125,20,13123
13125_edgehill,107,11,0,13125
13125_gibson,425,50,11,13125
13125_mill,542,42,6,13125
13125_mitchell,292,47,7,13125
13127_ballard,1263,674,46,13127
13127_blythe-island-baptist,1427,311,51,13127
13127_brookman,1685,634,53,13127
13127_c-b-greer-school,1527,681,53,13127
13127_career-academy,1395,541,67,13127
13127_christian-renewal,2126,872,50,13127
13127_college-place-umc,543,819,41,13127
13127_first-baptist,2347,1008,64,13127
13127_hampton-river,1732,614,24,13127
13127_howard-coffin-park,627,1110,62,13127
13127_jekyll-island,343,262,12,13127
13127_northside-baptist,775,1149,59,13127
13127_satilla-marshes,1428,580,47,13127
13127_se-baptist-bldg,891,370,34,13127
13127_selden-park,189,437,22,13127
13127_st-william-catholic-church,2455,1016,52,13127
13127_sterling-church-of-god,1671,804,69,13127
13127_sterling-elementary,2250,707,51,13127
13127_the-chapel,688,890,47,13127
13127_urbana-perry-parks,198,1459,66,13127
13129_calhoun-city,4172,1613,155,13129
13129_fairmount,1174,141,45,13129
13129_gordon-county,3153,738,85,13129
13129_lily-pond,1071,194,40,13129
13129_oakman,761,107,26,13129
13129_oostanaula,393,87,11,13129
13129_pine-chapel,632,80,14,13129
13129_plainville,1101,193,24,13129
13129_red-bud,1674,320,44,13129
13129_resaca,818,124,27,13129
13129_sonoraville,3186,479,82,13129
13129_sugar-valley,876,106,20,13129
13131_blowing-cave,500,110,8,13131
13131_cairo-4th-district,321,1214,16,13131
13131_cairo-5th-district,991,694,27,13131
13131_duncanville,239,113,5,13131
13131_higdon,414,197,5,13131
13131_limesink,196,41,3,13131
13131_midway,753,222,12,13131
13131_pine-park,452,205,13,13131
13131_ragan,257,102,4,13131
13131_spence,465,62,7,13131
13131_spring-hill,368,54,7,13131
13131_whigham,620,188,11,13131
13131_woodland,1393,263,28,13131
13133_greensboro,1312,1437,44,13133
13133_old-salem,4847,1207,77,13133
13133_siloam,336,352,8,13133
13133_union-point,609,649,21,13133
13133_white-plains,143,118,2,13133
13135_baycreek-a,1100,991,44,13135
13135_baycreek-b,1145,2945,96,13135
13135_baycreek-c,1708,3029,86,13135
13135_baycreek-d,1483,1857,81,13135
13135_baycreek-e,819,1379,65,13135
13135_baycreek-f,994,2302,93,13135
13135_baycreek-g,1326,3127,121,13135
13135_baycreek-h,2213,2946,108,13135
13135_baycreek-i,1390,2575,98,13135
13135_baycreek-j,932,2232,77,13135
13135_baycreek-k,1150,1645,78,13135
13135_berkshire-a,524,1004,41,13135
13135_berkshire-b,967,2557,70,13135
13135_berkshire-d,932,1232,73,13135
13135_berkshire-e,803,733,34,13135
13135_berkshire-f,543,867,49,13135
13135_berkshire-g,882,956,64,13135
13135_berkshire-h,430,749,29,13135
13135_berkshire-j,1027,1086,50,13135
13135_berkshire-l,545,1472,65,13135
13135_berkshire-m,701,690,34,13135
13135_berkshire-n,1209,1213,56,13135
13135_berkshire-o,989,930,52,13135
13135_berkshire-p,325,538,32,13135
13135_berkshire-q,601,647,41,13135
13135_cates-a,950,725,58,13135
13135_cates-b,641,497,46,13135
13135_cates-c,661,1369,60,13135
13135_cates-d,1154,1576,72,13135
13135_cates-e,1066,1230,72,13135
13135_cates-f,744,635,38,13135
13135_cates-g,1237,1062,54,13135
13135_cates-h,692,1725,65,13135
13135_cates-i,1147,1565,50,13135
13135_cates-j,960,1531,76,13135
13135_cates-k,979,1076,75,13135
13135_cates-l,1120,1780,84,13135
13135_cates-m,1576,1544,99,13135
13135_cates-n,1139,797,51,13135
13135_cates-o,534,565,22,13135
13135_dacula,1392,1932,82,13135
13135_duluth-a,1548,2190,98,13135
13135_duluth-b,1149,1265,53,13135
13135_duluth-c,713,829,58,13135
13135_duluth-d,1174,2014,95,13135
13135_duluth-e,960,2291,111,13135
13135_duluth-f,832,2797,106,13135
13135_duluth-g,1147,1097,59,13135
13135_duluth-h,910,1103,60,13135
13135_duluth-i,1866,1888,48,13135
13135_duluth-k,316,1076,66,13135
13135_duncans-a,2374,1345,69,13135
13135_duncans-b,2667,1475,117,13135
13135_duncans-c,1639,790,57,13135
13135_duncans-d,3401,1944,126,13135
13135_garners-a,1388,1310,68,13135
13135_garners-b,727,1517,52,13135
13135_garners-c,563,828,44,13135
13135_garners-d,532,1759,64,13135
13135_garners-f,585,728,38,13135
13135_goodwins-a,1075,1591,73,13135
13135_goodwins-b,1508,1371,84,13135
13135_goodwins-c,1226,2531,92,13135
13135_goodwins-d,1326,1634,88,13135
13135_goodwins-e,1677,2119,106,13135
13135_goodwins-f,880,1273,72,13135
13135_goodwins-g,506,1191,46,13135
13135_goodwins-h,854,1094,71,13135
13135_goodwins-i,895,978,56,13135
13135_harbins-a,2373,2741,131,13135
13135_harbins-b,1882,1485,109,13135
13135_harbins-c,1162,1031,53,13135
13135_hog-mountain-a,1336,2059,73,13135
13135_hog-mountain-b,1838,1599,81,13135
13135_hog-mountain-c,1529,1397,115,13135
13135_hog-mountain-d,1193,1005,82,13135
13135_lawrenceville-a,917,1258,68,13135
13135_lawrenceville-b,1026,2380,90,13135
13135_lawrenceville-c,1164,951,75,13135
13135_lawrenceville-d,610,2039,85,13135
13135_lawrenceville-e,793,842,37,13135
13135_lawrenceville-f,656,2040,60,13135
13135_lawrenceville-g,558,1413,57,13135
13135_lawrenceville-h,1426,1632,99,13135
13135_lawrenceville-i,770,1332,74,13135
13135_lawrenceville-j,462,1016,47,13135
13135_lawrenceville-k,1146,1294,49,13135
13135_lawrenceville-l,1268,2143,64,13135
13135_lawrenceville-m,1065,3561,143,13135
13135_lawrenceville-n,593,958,57,13135
13135_martins-a,483,1502,50,13135
13135_martins-b,633,1268,56,13135
13135_martins-c,669,1065,42,13135
13135_martins-d,318,1018,26,13135
13135_martins-e,445,2687,113,13135
13135_martins-f,393,1043,49,13135
13135_martins-g,426,1034,48,13135
13135_martins-h,1103,2138,85,13135
13135_martins-i,726,1708,56,13135
13135_martins-j,494,1895,84,13135
13135_martins-k,845,2636,96,13135
13135_pinckneyville-a,348,1242,53,13135
13135_pinckneyville-a1,1339,934,39,13135
13135_pinckneyville-b,503,1414,63,13135
13135_pinckneyville-c,793,813,47,13135
13135_pinckneyville-d,300,910,47,13135
13135_pinckneyville-e,264,984,55,13135
13135_pinckneyville-f,444,1026,49,13135
13135_pinckneyville-h,1512,1901,75,13135
13135_pinckneyville-i,426,1124,48,13135
13135_pinckneyville-j,262,1156,49,13135
13135_pinckneyville-k,483,1633,62,13135
13135_pinckneyville-l,1167,815,49,13135
13135_pinckneyville-m,1385,835,40,13135
13135_pinckneyville-n,369,1882,69,13135
13135_pinckneyville-o,455,1441,49,13135
13135_pinckneyville-p,683,919,39,13135
13135_pinckneyville-q,174,920,36,13135
13135_pinckneyville-s,746,1354,69,13135
13135_pinckneyville-t,778,1244,61,13135
13135_pinckneyville-u,537,935,22,13135
13135_pinckneyville-v,402,660,33,13135
13135_pinckneyville-w,1112,1619,95,13135
13135_pinckneyville-x,1152,1454,63,13135
13135_pinckneyville-y,349,1364,48,13135
13135_pinckneyville-z,956,636,34,13135
13135_pucketts-a,2893,1467,115,13135
13135_pucketts-b,1394,901,63,13135
13135_pucketts-c,1371,986,57,13135
13135_pucketts-d,1544,1100,63,13135
13135_pucketts-e,1736,2052,80,13135
13135_rockbridge-a,520,2164,71,13135
13135_rockbridge-b,621,2047,66,13135
13135_rockbridge-c,648,3005,68,13135
13135_rockbridge-d,627,1995,55,13135
13135_rockbridge-e,592,2277,80,13135
13135_rockbridge-f,710,3294,87,13135
13135_rockbridge-g,703,3192,84,13135
13135_rockycreek-a,2289,2066,102,13135
13135_rockycreek-b,1936,1672,116,13135
13135_rockycreek-c,1857,1728,101,13135
13135_sugar-hill-a,1599,1317,92,13135
13135_sugar-hill-b,2069,1765,147,13135
13135_sugar-hill-c,2244,1499,135,13135
13135_sugar-hill-d,1769,1389,107,13135
13135_sugar-hill-e,1378,1183,96,13135
13135_sugar-hill-f,1555,1309,104,13135
13135_sugar-hill-g,1317,842,59,13135
13135_suwanee-a,548,653,51,13135
13135_suwanee-b,1761,1736,89,13135
13135_suwanee-c,1893,2063,100,13135
13135_suwanee-d,2224,1523,73,13135
13135_suwanee-e,1898,1441,73,13135
13135_suwanee-f,1412,1478,62,13135
13135_suwanee-g,1282,1590,76,13135
13135_suwanee-h,1955,1093,63,13135
13137_amys-creek,986,239,26,13137
13137_city-of-baldwin,522,162,21,13137
13137_demorest,3027,502,95,13137
13137_habersham-north,5718,1079,181,13137
13137_habersham-south,3203,811,122,13137
13137_mud-creek,2532,443,70,13137
13137_town-of-mt-airy,397,104,19,13137
13139_bark-camp,3357,759,110,13139
13139_big-hickory,2620,359,52,13139
13139_candler,2651,1127,116,13139
13139_chestatee,2261,554,85,13139
13139_chicopee,1194,925,84,13139
13139_clermont,2425,249,58,13139
13139_flowery-branch-i,2391,770,93,13139
13139_flowery-branch-ii,1682,678,95,13139
13139_fork,2054,505,54,13139
13139_friendship-i,5146,1634,151,13139
13139_friendship-ii,1811,549,73,13139
13139_friendship-iii,2373,858,101,13139
13139_friendship-iv,1982,785,56,13139
13139_gainesville-i,1700,939,103,13139
13139_gainesville-ii,267,1334,42,13139
13139_gainesville-iii,1171,1218,101,13139
13139_gainesville-iv,971,710,50,13139
13139_gainesville-v,562,335,26,13139
13139_gillsville,738,134,18,13139
13139_glade,1838,573,75,13139
13139_lula,2002,345,70,13139
13139_morgan-i,2383,537,91,13139
13139_morgan-ii,2384,940,99,13139
13139_oakwood-i,947,677,60,13139
13139_oakwood-ii,2283,687,76,13139
13139_quillians,1925,240,48,13139
13139_roberts,3139,947,97,13139
13139_tadmore,1732,1635,108,13139
13139_west-whelchel,2424,669,75,13139
13139_whelchel,2480,646,104,13139
13139_wilson,2940,1169,96,13139
13141_courthouse,146,453,14,13141
13141_devereux-fire-station,399,361,17,13141
13141_mayfield-community-center,40,178,4,13141
13141_power-of-god,99,366,13,13141
13141_second-beulah,46,310,2,13141
13141_second-darrien,96,188,3,13141
13141_sparta-4c,28,81,0,13141
13141_st-mark,67,295,5,13141
13141_warren-chapel,128,86,2,13141
13141_youth-center,124,540,6,13141
13143_berea-steadman,416,44,11,13143
13143_bremen,3731,726,122,13143
13143_buchanan,1401,179,40,13143
13143_buncombe,621,59,22,13143
13143_corinth,1020,103,24,13143
13143_felton,204,13,3,13143
13143_little-creek,489,38,4,13143
13143_mt-view,225,17,4,13143
13143_seventh,1084,166,25,13143
13143_tallapoosa,1671,287,48,13143
13143_twentieth,467,50,19,13143
13143_waco,687,82,14,13143
13145_cataula,1687,545,42,13145
13145_ellerslie,2324,976,68,13145
13145_goodman,731,430,25,13145
13145_hamilton,1330,693,55,13145
13145_lower-19th,1559,426,39,13145
13145_mulberry-grove,1836,406,40,13145
13145_pine-mountain-valley,691,145,16,13145
13145_skinner,437,241,8,13145
13145_upper-19th,1079,203,22,13145
13145_valley-plains,418,166,7,13145
13145_waverly-hall,1396,691,29,13145
13145_whitesville,791,270,32,13145
13147_bio,792,251,15,13147
13147_bowersville,816,166,7,13147
13147_cokesbury,503,319,13,13147
13147_goldmine,1094,253,24,13147
13147_hartwell,3230,1347,102,13147
13147_reed-creek,1899,421,36,13147
13147_shoal-creek,1043,180,21,13147
13149_centralhatchee,1103,181,28,13149
13149_cooksville-corinth,381,35,6,13149
13149_enon-grove,625,80,18,13149
13149_ephesus,840,79,14,13149
13149_franklin,1103,326,36,13149
13149_southwest,361,101,11,13149
13151_austin-road,753,1701,54,13151
13151_cotton-indian,1297,1922,70,13151
13151_dutchtown,933,1031,48,13151
13151_east-lake,1842,811,53,13151
13151_ellenwood,481,2632,51,13151
13151_flippen,944,2371,51,13151
13151_grove-park,1437,1241,59,13151
13151_hickory-flat,1217,2575,77,13151
13151_kelleytown,1622,1101,54,13151
13151_lake-dow,2208,1523,82,13151
13151_lake-haven,1566,1462,60,13151
13151_lighthouse,904,1727,66,13151
13151_locust-grove,1481,3216,121,13151
13151_lowes,2023,4587,128,13151
13151_mcdonough,520,1418,30,13151
13151_mcdonough-central,1155,1774,69,13151
13151_mcmullen,1889,943,63,13151
13151_mt-bethel,1852,748,49,13151
13151_mt-carmel,761,3156,63,13151
13151_north-hampton,1828,2922,119,13151
13151_oakland,1426,1789,67,13151
13151_pates-creek,1402,2122,63,13151
13151_pleasant-grove,1573,1544,65,13151
13151_red-oak,602,3346,71,13151
13151_sandy-ridge,2627,914,85,13151
13151_shakerag,329,2526,54,13151
13151_shiloh,697,1827,76,13151
13151_south-hampton,1679,2040,95,13151
13151_stagecoach,899,1411,62,13151
13151_stockbridge-central,658,1978,82,13151
13151_stockbridge-east-west,658,3551,104,13151
13151_swan-lake,1283,1181,68,13151
13151_timberridge,951,656,37,13151
13151_tussahaw,2073,427,53,13151
13151_unity-grove,2470,1099,73,13151
13151_wesley-lakes,874,3257,81,13151
13151_westside,572,3063,128,13151
13153_annx,2201,1169,80,13153
13153_bms,4827,2563,167,13153
13153_cent,3082,2294,133,13153
13153_cgtc,2250,1318,78,13153
13153_fmms,3451,2882,146,13153
13153_hafs,1074,282,17,13153
13153_hctc,1883,1938,137,13153
13153_hefs,680,342,15,13153
13153_hhpc,2801,2982,175,13153
13153_mcms,4227,2596,139,13153
13153_nses,1095,657,45,13153
13153_recr,1083,3705,163,13153
13153_rozr,6314,3391,193,13153
13153_tms,1455,2037,96,13153
13153_twpk,1848,1284,92,13153
13153_vhs,3157,1515,103,13153
13155_holt,429,94,5,13155
13155_irwinville,1139,113,17,13155
13155_ocilla,1527,775,45,13155
13157_central-jackson,9045,2307,329,13157
13157_north-jackson,6814,1590,220,13157
13157_south-jackson,4147,1219,117,13157
13157_west-jackson,9160,2146,289,13157
13159_martin-burney,2544,304,65,13159
13159_monticello,2149,1121,62,13159
13159_wyatt,1058,265,24,13159
13161_altamaha-1,432,71,10,13161
13161_altamaha-2,897,45,11,13161
13161_blackburn-1,366,107,15,13161
13161_blackburn-2,478,26,13,13161
13161_hazlehurst,407,383,19,13161
13161_ocmulgee-1,801,126,22,13161
13161_ocmulgee-2,269,70,8,13161
13161_whitehead-1,485,152,10,13161
13161_whitehead-2,439,33,3,13161
13163_avera,230,44,3,13163
13163_bartow,179,168,5,13163
13163_louisville,1100,1463,30,13163
13163_matthews,319,132,6,13163
13163_stapleton,281,167,2,13163
13163_stapleton-crossroads,191,111,7,13163
13163_wadley,367,831,20,13163
13163_wrens,872,997,29,13163
13165_court-house,297,341,12,13165
13165_four-points,492,233,3,13165
13165_perkins,536,159,9,13165
13165_primary-school,246,354,17,13165
13165_senior-citizens-center,584,107,10,13165
13167_bray,460,150,7,13167
13167_kite,602,59,3,13167
13167_smith,506,62,8,13167
13167_wrightsville,1233,887,57,13167
13169_barron,736,270,12,13169
13169_clinton,1287,458,31,13169
13169_davidson,929,188,26,13169
13169_ethridge,813,417,23,13169
13169_finney,1461,504,45,13169
13169_gray,1562,482,38,13169
13169_hawkins,878,1324,47,13169
13169_pope,910,423,30,13169
13169_roberts,1167,591,44,13169
13169_sanders,111,30,5,13169
13171_barnesville,481,980,36,13171
13171_chappell-mill-v-fd,966,203,26,13171
13171_l-c-s-c,1536,437,48,13171
13171_milner,2353,505,53,13171
13171_redbone,378,70,17,13171
13171_senior-citizen-bldg,566,316,17,13171
13173_lakeland,2481,944,94,13173
13175_brewton,913,243,16,13175
13175_buckeye,391,321,10,13175
13175_burch,242,67,7,13175
13175_cadwell,471,76,9,13175
13175_calhoun-park,892,2276,100,13175
13175_dudley,753,163,11,13175
13175_fbc-flc,1920,1086,51,13175
13175_fire-dept-sta-5,2055,739,43,13175
13175_hampton-mill,1159,183,16,13175
13175_harvard,163,117,5,13175
13175_lcfs-10-valambrosia,861,531,24,13175
13175_minter,624,44,6,13175
13175_reedy-springs,563,111,11,13175
13175_rural-fire-sta-17,1178,378,36,13175
13175_smith,1032,875,45,13175
13175_w-t-adams-fire-sta-18,1146,488,23,13175
13177_century-fire-station,1480,753,41,13177
13177_chokee,184,156,3,13177
13177_cjc,421,64,6,13177
13177_first-baptist,2150,895,57,13177
13177_flint-reformed-baptist,1295,457,21,13177
13177_friendship-baptist,798,179,12,13177
13177_leesburg,1534,648,44,13177
13177_redbone,2706,694,62,13177
13177_sda-church,902,311,16,13177
13177_smithville,392,267,11,13177
13179_button-gwinnett,205,301,40,13179
13179_fleming-east,1495,623,48,13179
13179_fleming-west,94,251,4,13179
13179_gum-branch,862,859,57,13179
13179_hinesville,515,605,39,13179
13179_hinesville-lodge-271,420,1072,62,13179
13179_lewis-frasier-school,1005,1792,65,13179
13179_liberty-county-complex,1365,1592,60,13179
13179_lyman-hall-school,585,1744,97,13179
13179_memorial-dr-east,224,799,33,13179
13179_riceboro-youth-center,159,620,10,13179
13179_town-of-allenhurst,388,1195,40,13179
13179_walthourville,426,1285,55,13179
13181_bethany-church,332,72,8,13181
13181_faith-temple-of-lincoln,225,126,9,13181
13181_lincoln-center,854,246,21,13181
13181_lincoln-club-house,228,328,2,13181
13181_martins-crossroad,777,177,20,13181
13181_midway,304,123,6,13181
13181_tabernacle,419,299,17,13181
13183_alma-flournoy,167,37,3,13183
13183_beards-creek,496,331,20,13183
13183_faith-baptist-annex,357,118,16,13183
13183_north-ludowici,597,521,45,13183
13183_rye-patch-oak-dale,1026,598,52,13183
13183_south-ludowici,311,330,14,13183
13183_tibet,435,94,13,13183
13185_clyattville,2113,778,55,13185
13185_dasher,2365,480,54,13185
13185_hahira-train-depot,3030,830,76,13185
13185_jaycee-shack,662,2639,75,13185
13185_mildred,327,1730,43,13185
13185_mt-calvary,174,1460,57,13185
13185_naylor,614,309,16,13185
13185_northgate-assembly,515,365,27,13185
13185_northside,6160,4428,244,13185
13185_rainwater,4103,2280,118,13185
13185_s-lowndes,2107,625,47,13185
13185_trinity,3435,3096,214,13185
13185_vsu-uc-2,15,104,2,13185
13187_dahlonega,11941,2926,496,13187
13189_131,154,578,11,13189
13189_132,1030,119,17,13189
13189_133a,583,245,16,13189
13189_133b,1046,307,42,13189
13189_134,529,786,17,13189
13189_135,1454,674,37,13189
13189_136,191,839,31,13189
13189_137,761,168,17,13189
13189_139,450,252,16,13189
13191_crescent,499,832,32,13191
13191_darien,1034,612,31,13191
13191_north-darien,934,510,31,13191
13191_sapelo-island,9,30,2,13191
13191_south-newport,1201,396,36,13191
13191_townsend,290,118,5,13191
13193_ideal,520,393,16,13193
13193_marshallville,363,526,12,13193
13193_montezuma-4,358,669,20,13193
13193_montezuma-5,199,645,15,13193
13193_oglethorpe,347,494,16,13193
13195_colbert,1657,680,50,13195
13195_collins,396,55,11,13195
13195_comer,695,358,26,13195
13195_danielsville,1739,352,49,13195
13195_fork,258,132,12,13195
13195_harrison,439,33,9,13195
13195_hull,1945,942,76,13195
13195_ila,968,158,42,13195
13195_mill,1049,169,20,13195
13195_paoli,191,27,1,13195
13195_pittman,1122,284,32,13195
13195_poca,677,113,31,13195
13197_brantley,255,47,7,13197
13197_buena-vista,742,1001,36,13197
13197_fort-perry,460,107,18,13197
13197_pineknot,583,73,14,13197
13197_tazewell,208,39,9,13197
13199_alvaton,704,368,19,13199
13199_chalybeate,309,45,4,13199
13199_cove,147,13,0,13199
13199_durand,348,172,9,13199
13199_gay,218,70,11,13199
13199_gill-i,750,399,29,13199
13199_gill-ii,142,504,10,13199
13199_greenville,684,634,26,13199
13199_lone-oak,488,406,11,13199
13199_luthersville,1153,667,32,13199
13199_odessadale,141,87,1,13199
13199_raleigh,306,64,9,13199
13199_warm-springs,543,266,13,13199
13199_woodbury,499,440,21,13199
13201_colquitt-miller,2047,687,47,13201
13205_baconton,396,323,13,13205
13205_branchville,379,80,6,13205
13205_camilla-north,268,953,15,13205
13205_camilla-south,1205,1117,37,13205
13205_cotton,283,28,0,13205
13205_hinsonton,97,13,0,13205
13205_hopeful,213,37,2,13205
13205_lester,681,171,12,13205
13205_pebble-city,110,15,2,13205
13205_pelham,1079,1034,29,13205
13205_sale-city,210,61,2,13205
13207_bentons,1451,372,38,13207
13207_brantleys,790,124,18,13207
13207_burgays,1535,336,22,13207
13207_cabaniss,399,151,17,13207
13207_cox,421,128,10,13207
13207_culloden,211,110,4,13207
13207_dillards,551,133,8,13207
13207_evers,1248,316,41,13207
13207_forsyth,1341,1661,57,13207
13207_high-falls,1028,216,27,13207
13207_kelseys,292,240,9,13207
13207_middlebrooks,799,170,18,13207
13207_proctors,586,196,22,13207
13207_russellville,277,52,3,13207
13209_ailey,243,92,4,13209
13209_alston,317,49,6,13209
13209_higgston,766,204,16,13209
13209_kibbee,360,38,5,13209
13209_mount-vernon,562,364,18,13209
13209_tarrytown,244,15,1,13209
13209_uvalda,435,169,12,13209
13211_beth-springfield,547,132,12,13211
13211_central-morgan,1558,571,38,13211
13211_clacks-chapel,508,88,7,13211
13211_east-morgan,1410,374,37,13211
13211_north-morgan,1591,453,38,13211
13211_northeast-morgan,958,1147,46,13211
13211_west-morgan,1687,386,39,13211
13213_carters-doolittle,1174,170,22,13213
13213_mcdonald,1410,231,48,13213
13213_north,1315,174,25,13213
13213_shuck-pen,1616,329,49,13213
13213_southwest,1671,239,45,13213
13213_spring-place,2008,470,57,13213
13213_town,3299,683,116,13213
13215_britt-david,1013,700,61,13215
13215_canaan,694,3167,73,13215
13215_carver-mack,129,2159,40,13215
13215_columbus-tech,1112,956,57,13215
13215_cornerstone,2639,1751,114,13215
13215_cusseta-rd,198,2476,58,13215
13215_edgewood-baptist,618,1319,47,13215
13215_epworth-umc,1302,1136,61,13215
13215_faith-tabernacle,236,2508,38,13215
13215_first-african,253,632,30,13215
13215_gentian-reese,1660,1814,80,13215
13215_holsey-buena-vista,565,3757,83,13215
13215_marianna-gallops,368,966,49,13215
13215_moon-morningside,2109,1403,97,13215
13215_mt-pilgrim,214,3375,71,13215
13215_our-lady-of-lourdes,856,3388,144,13215
13215_psalmond-mathews,2837,2587,126,13215
13215_salvation-army,996,1075,52,13215
13215_st-andrews-midland,3040,2477,126,13215
13215_st-john-belvedere,246,3036,43,13215
13215_st-mark-heiferhorn,3286,1581,82,13215
13215_st-paul-clubview,2235,1697,95,13215
13215_st-peter,1334,873,55,13215
13215_wynnbrook,1535,607,29,13215
13215_wynnton-britt,751,2112,61,13215
13217_alcovy,1689,1604,68,13217
13217_almon,725,2671,63,13217
13217_beaverdam,670,2843,69,13217
13217_brewers,1811,666,48,13217
13217_brick-store,1417,565,45,13217
13217_buck-creek,1349,1804,75,13217
13217_cedar-shoals,725,966,62,13217
13217_city-pond,398,622,31,13217
13217_covington-mills,937,1058,49,13217
13217_crowell,370,2695,61,13217
13217_downs,1909,2325,115,13217
13217_fairview,224,1544,32,13217
13217_gum-creek,2238,906,44,13217
13217_hub,1559,317,40,13217
13217_leguinn,1202,388,38,13217
13217_livingston,811,2051,78,13217
13217_mansfield,1068,140,14,13217
13217_newborn,491,112,11,13217
13217_oxford,1189,566,36,13217
13217_rocky-plains,1273,1087,57,13217
13217_stansells,749,2404,52,13217
13217_town,604,1886,62,13217
13219_antioch,878,258,26,13219
13219_bishop,1126,463,39,13219
13219_bogart,1308,521,55,13219
13219_city-hall,1927,1205,90,13219
13219_civic-center,2355,1226,87,13219
13219_colham-ferry,1118,450,37,13219
13219_dark-corner,2351,613,48,13219
13219_east-oconee,1283,799,37,13219
13219_farmington,421,162,13,13219
13219_high-shoals,1213,428,44,13219
13219_marswood-hall,2318,1101,72,13219
13219_north-oconee,810,239,21,13219
13221_beaverdam,1807,713,70,13221
13221_crawford,1439,675,79,13221
13221_lexington,2254,935,85,13221
13223_beulahland-baptist-church,1408,397,48,13223
13223_burnt-hickory-park,3984,861,122,13223
13223_crossroads-library,2205,825,75,13223
13223_d-wright-innovation-ctr,3053,1925,126,13223
13223_dobbins-middle-school,2848,2897,144,13223
13223_events-place,1262,2152,84,13223
13223_legacy-bapt-church,1821,1166,89,13223
13223_mulberry-rock-park,3575,745,95,13223
13223_nebo-elem-school,5029,1888,232,13223
13223_paulding-county-airport,2158,668,105,13223
13223_paulding-sr-center,2692,1608,132,13223
13223_picketts-mill-baptist-church,1510,616,51,13223
13223_poplar-sprgs-bapt-church,1472,1804,79,13223
13223_russom-elementary,4416,2135,163,13223
13223_shelton-elementary,2491,1424,90,13223
13223_taylor-farm-park,1202,721,50,13223
13223_watson-govt-cmplx,4101,2916,254,13223
13223_west-ridge-church,5730,2571,251,13223
13223_white-oak-park,2528,1436,118,13223
13225_byron-1,1390,581,42,13225
13225_byron-2,2280,1319,88,13225
13225_claude,538,135,11,13225
13225_fort-valley-1,681,1033,36,13225
13225_fort-valley-2,579,1012,19,13225
13225_fort-valley-3,286,1345,29,13225
13225_powersville,729,277,22,13225
13227_appalachian,1124,223,35,13227
13227_hill,1257,230,36,13227
13227_hinton,488,55,16,13227
13227_jasper,1192,337,42,13227
13227_jerusalem,736,99,14,13227
13227_ludville,423,44,17,13227
13227_nelson,848,157,28,13227
13227_refuge,1458,241,49,13227
13227_sharptop,1587,434,50,13227
13227_talking-rock,1059,120,39,13227
13227_tate,1608,223,50,13227
13227_yellow-creek,2080,515,55,13227
13229_alabaha,599,48,9,13229
13229_blackshear,1919,214,44,13229
13229_hacklebarney-cason,1889,439,33,13229
13229_mershon,335,19,1,13229
13229_otter-creek,926,69,14,13229
13229_patterson,817,118,10,13229
13229_st-johns-blackshear,1104,92,15,13229
13229_sunset-sweat,221,3,3,13229
13231_concord,886,237,9,13231
13231_hollonville,1259,107,16,13231
13231_lifsey-springs,763,99,17,13231
13231_meansville,894,108,16,13231
13231_molena,965,171,25,13231
13231_second-district,1786,218,35,13231
13231_williamson,1232,154,21,13231
13231_zebulon,1260,336,35,13231
13233_aragon,1887,381,41,13233
13233_blooming-grove,941,185,24,13233
13233_cedartown,2723,1263,113,13233
13233_fish-creek,1550,279,46,13233
13233_lake-creek,1855,309,42,13233
13233_rockmart,3104,958,112,13233
13233_youngs-grove,1222,162,38,13233
13235_courthouse-annex,2787,1139,79,13235
13237_101,1200,966,36,13237
13237_104,1193,1113,31,13237
13237_105,2503,493,41,13237
13237_106,823,164,23,13237
13237_107,2560,563,58,13237
13239_georgetown,565,439,15,13239
13239_morris,35,31,0,13239
13241_rabun-county,7392,1825,255,13241
13243_benevolence,178,78,1,13243
13243_coleman,96,74,2,13243
13243_cuthbert,18,215,3,13243
13243_cuthbert-courthouse,693,800,19,13243
13243_shellman,362,314,5,13243
13243_springvale,57,125,1,13243
13245_101,297,341,12,13245
13245_102,161,444,28,13245
13245_103,33,706,26,13245
13245_104,132,1461,38,13245
13245_105,37,488,15,13245
13245_106,129,352,17,13245
13245_107,592,667,23,13245
13245_108,49,271,8,13245
13245_109,103,487,37,13245
13245_111,187,673,24,13245
13245_112,200,308,17,13245
13245_114,57,375,13,13245
13245_115,107,145,8,13245
13245_201,41,721,22,13245
13245_202,715,1711,82,13245
13245_203,21,496,11,13245
13245_204,511,536,39,13245
13245_207,170,1150,32,13245
13245_208,247,1137,33,13245
13245_210,141,798,27,13245
13245_301,1203,699,26,13245
13245_302,144,446,22,13245
13245_303,826,305,19,13245
13245_304,171,95,9,13245
13245_305,296,79,10,13245
13245_306,869,1622,59,13245
13245_307,735,439,28,13245
13245_308,152,226,10,13245
13245_309,313,2086,50,13245
13245_310,779,2693,78,13245
13245_401,109,1376,32,13245
13245_402,200,1434,58,13245
13245_404,145,991,32,13245
13245_405,267,2845,54,13245
13245_406,208,2083,36,13245
13245_501,274,1774,54,13245
13245_502,252,2234,55,13245
13245_503,371,1976,61,13245
13245_504,339,888,29,13245
13245_506,68,160,4,13245
13245_507,152,471,17,13245
13245_509,188,1196,43,13245
13245_601,530,1614,80,13245
13245_603,1044,1131,54,13245
13245_604,309,702,31,13245
13245_605,759,1445,58,13245
13245_607,86,1109,27,13245
13245_608,587,402,25,13245
13245_701,1120,665,37,13245
13245_702,849,504,48,13245
13245_703,1208,1572,80,13245
13245_705,929,711,28,13245
13245_706,1458,920,67,13245
13245_707,493,831,40,13245
13245_708,161,69,4,13245
13245_709,199,195,9,13245
13245_801,243,109,5,13245
13245_801b,272,89,4,13245
13245_802,1324,702,43,13245
13245_803,32,76,3,13245
13245_804,557,781,32,13245
13245_804h,978,889,49,13245
13245_805,166,368,10,13245
13245_806,484,319,21,13245
13245_807,232,669,31,13245
13245_808,830,823,29,13245
13245_809,40,572,12,13245
13245_810,171,134,5,13245
13247_ba,1254,2163,66,13247
13247_bt,1567,1091,57,13247
13247_co,452,1670,45,13247
13247_fi,582,3595,85,13247
13247_fs,571,2146,42,13247
13247_hc,761,934,42,13247
13247_hi,805,1598,43,13247
13247_la,340,836,32,13247
13247_lo,1200,1772,35,13247
13247_ma,951,1193,58,13247
13247_mi,537,2018,65,13247
13247_ot,527,3028,81,13247
13247_ro,796,2307,56,13247
13247_sm,755,2275,64,13247
13247_sp,735,2555,66,13247
13247_st,883,1460,69,13247
13249_precinct-one,1783,439,34,13249
13251_bay-branch,591,102,8,13251
13251_cooperville-fire-station,57,126,2,13251
13251_greenhill-church,473,147,6,13251
13251_hiltonia,326,284,5,13251
13251_hunters,230,122,1,13251
13251_jackson-fire-station,212,72,3,13251
13251_jenk-hill-fire-sta,381,396,6,13251
13251_newington,492,252,9,13251
13251_rocky-ford,289,83,5,13251
13251_screven-rec-dept,131,148,1,13251
13251_sr-citizens-center,269,500,10,13251
13251_sylvania,442,357,9,13251
13253_precinct-1,646,210,13,13253
13253_precinct-2,495,232,13,13253
13253_precinct-3,111,498,6,13253
13253_precinct-4,612,148,11,13253
13253_precinct-5,733,99,11,13253
13255_01,133,830,32,13255
13255_02,103,826,26,13255
13255_03,1532,534,45,13255
13255_05,863,1145,55,13255
13255_06,278,928,32,13255
13255_07,972,302,32,13255
13255_08,942,341,23,13255
13255_09,1075,205,29,13255
13255_10,896,523,20,13255
13255_11,1177,613,33,13255
13255_12,1279,280,30,13255
13255_13,1406,247,38,13255
13255_14,789,353,33,13255
13255_16,812,1714,50,13255
13255_17,725,393,30,13255
13255_19,1306,521,35,13255
13255_20,1228,221,29,13255
13255_21,2252,1379,69,13255
13257_senior-center,9353,2187,228,13257
13259_louvale,82,124,3,13259
13259_lumpkin,303,434,16,13259
13259_omaha,81,73,2,13259
13259_richland,337,484,14,13259
13261_agri-center,862,551,21,13261
13261_airport,733,591,14,13261
13261_andersonville,260,95,3,13261
13261_browns-mill,460,219,5,13261
13261_concord,255,38,4,13261
13261_gsw-conf-center,1104,933,40,13261
13261_leslie,769,401,15,13261
13261_plains,394,369,6,13261
13261_rec-dept,309,1382,26,13261
13261_reese-park,372,1325,25,13261
13261_thompson,225,210,6,13261
13263_box-springs,193,140,7,13263
13263_flint-hill,330,480,12,13263
13263_geneva,155,208,5,13263
13263_junction-city,107,193,3,13263
13263_oneal,184,245,10,13263
13263_talbotton,135,474,11,13263
13263_valley,282,273,3,13263
13265_crawfordville,294,415,13,13265
13265_sharon,72,106,2,13265
13267_cobbtown,421,100,11,13267
13267_collins,758,220,20,13267
13267_district-ii,1058,505,29,13267
13267_district-iv,1206,487,28,13267
13267_district-v,612,91,12,13267
13267_east-glennville,1398,351,39,13267
13267_manassas,141,50,6,13267
13267_shiloh,360,174,14,13267
13269_precinct-1,130,523,18,13269
13269_precinct-5,1342,233,31,13269
13269_precinct-6,927,556,32,13269
13271_helena,427,203,22,13271
13271_jacksonville,329,96,13,13271
13271_lumber-city,381,329,10,13271
13271_mcrae,867,694,15,13271
13271_milan,555,67,2,13271
13271_scotland,192,46,7,13271
13273_bronwood,318,270,4,13273
13273_dawson,477,1366,28,13273
13273_graves,289,140,3,13273
13273_herod-dover,116,91,5,13273
13273_parrott,202,111,5,13273
13273_sasser,638,299,13,13273
13275_barwick,379,90,11,13275
13275_boston,591,511,26,13275
13275_central,1718,795,54,13275
13275_coolidge,551,156,15,13275
13275_douglass,278,1130,36,13275
13275_fire-station-2,820,288,14,13275
13275_gatlin-creek,1167,367,34,13275
13275_harper,321,938,32,13275
13275_jerger,923,520,21,13275
13275_little-ochlocknee-baptist-church,725,167,15,13275
13275_meigs,343,231,12,13275
13275_merrillville,366,125,4,13275
13275_metcalfe,158,67,4,13275
13275_new-covenant,1151,399,31,13275
13275_ochlocknee,669,146,12,13275
13275_patten,254,50,2,13275
13275_pavo,400,85,7,13275
13275_remington-esc,958,596,47,13275
13275_resource-center,90,769,11,13275
13275_scott,1158,728,34,13275
13277_brighton,1486,281,29,13277
13277_brookfield,867,153,26,13277
13277_chula,890,158,10,13277
13277_docia,752,86,8,13277
13277_eldorado,774,102,10,13277
13277_mott-litman-gym,287,1096,28,13277
13277_omega,406,115,15,13277
13277_tifton-lodge,1349,637,45,13277
13277_tifton-northeast,1302,748,58,13277
13277_tifton-northwest,1629,651,51,13277
13277_tifton-south,419,750,16,13277
13277_ty-ty,653,179,9,13277
13279_15361-lyons,1629,576,34,13279
13279_39-newbranch,932,111,10,13279
13279_43-cedar-crossing,895,74,14,13279
13279_513-vpd,2708,1206,68,13279
13279_514-stialc,1629,865,47,13279
13281_hiawassee,2133,483,48,13281
13281_macedonia,2256,463,55,13281
13281_young-harris,1902,505,43,13281
13283_annex,1270,132,16,13283
13283_soperton,808,761,36,13283
13285_administration-bldg,659,1359,43,13285
13285_east-vernon,1951,423,45,13285
13285_gardner-newman,1199,859,34,13285
13285_gray-hill,976,349,30,13285
13285_griggs-center,117,1090,26,13285
13285_hammett-rd,1037,1662,48,13285
13285_highland,506,580,27,13285
13285_hogansville,1785,831,59,13285
13285_hollis-hand,2052,630,51,13285
13285_long-cane,1764,611,36,13285
13285_mcclendon,2126,612,39,13285
13285_northside,1054,747,29,13285
13285_rosemont,2486,543,50,13285
13285_west-point,450,815,19,13285
13287_ashburn,1045,1146,45,13287
13287_rebecca,283,43,7,13287
13287_sycamore,1006,156,10,13287
13289_dry-branch,744,197,29,13289
13289_golden-isles,469,668,25,13289
13289_higgsville,401,145,8,13289
13289_jeffersonville-ware,411,671,15,13289
13289_shady-grove-tarvers,288,300,10,13289
13291_blairsville,1467,337,49,13291
13291_choestoe,898,189,18,13291
13291_coosa,1530,256,39,13291
13291_dooley,936,247,31,13291
13291_gumlog,1398,248,46,13291
13291_ivy-log,1370,241,53,13291
13291_jones-creek,1324,257,28,13291
13291_owltown,957,247,20,13291
13291_pat-colwell,1468,347,28,13291
13291_suches,366,87,11,13291
13291_trackrock,709,160,16,13291
13293_redbone,4668,1231,90,13293
13293_salem,41,262,3,13293
13293_town,3092,2260,110,13293
13293_yatesville,767,247,13,13293
13295_armuchee-valley,865,153,25,13295
13295_chattanooga-valley,3384,927,138,13295
13295_chickamauga,4011,780,135,13295
13295_fairview,1400,405,63,13295
13295_fairyland,635,278,32,13295
13295_kensington,738,190,25,13295
13295_la-fayette,3200,804,149,13295
13295_mountain,711,164,24,13295
13295_rock-spring,3753,668,110,13295
13295_rossville,2612,894,138,13295
13295_walnut-grove,1341,172,44,13295
13297_bay-creek,2059,476,48,13297
13297_between,2861,677,79,13297
13297_blasingame,799,107,16,13297
13297_bold-springs,2962,704,73,13297
13297_broken-arrow,2570,579,90,13297
13297_e-monroe,1355,878,75,13297
13297_good-hope,1411,225,37,13297
13297_gratis,882,130,16,13297
13297_jersey,1389,161,33,13297
13297_loganville-north,2514,952,109,13297
13297_loganville-south,1777,782,86,13297
13297_mountain,1006,178,21,13297
13297_north-monroe,1275,1458,82,13297
13297_social-circle,2313,912,72,13297
13297_south-monroe,1746,712,84,13297
13297_tara,1627,1327,58,13297
13297_w-monroe,1278,298,21,13297
13297_walker-park,2318,482,56,13297
13297_walnut-grove,1612,280,43,13297
13297_west-walton,2544,662,75,13297
13297_whatley,871,121,12,13297
13299_100,509,1832,75,13299
13299_200a,1064,541,45,13299
13299_200b,207,275,9,13299
13299_300,2060,575,56,13299
13299_304,657,116,13,13299
13299_400,2174,356,31,13299
13299_404,262,25,3,13299
13299_405,448,21,6,13299
13299_406,1058,106,18,13299
13299_407,339,17,1,13299
13299_408,354,19,0,13299
13299_409,641,54,12,13299
13301_warrenton,1161,1407,46,13301
13303_davisboro,338,237,20,13303
13303_deepstep,307,112,5,13303
13303_harrison,479,245,16,13303
13303_oconee,224,198,3,13303
13303_riddleville,278,138,9,13303
13303_sandersville,1957,2337,80,13303
13303_tennille,716,980,30,13303
13303_warthen,331,230,9,13303
13305_altamaha,1342,409,23,13305
13305_empire,771,74,21,13305
13305_gardi,718,79,16,13305
13305_madray-springs,816,76,15,13305
13305_odum,882,90,16,13305
13305_oglethorpe,1077,168,14,13305
13305_pine-street,397,322,14,13305
13305_rec-center,928,286,37,13305
13305_red-hill,543,128,18,13305
13305_screven,1176,177,19,13305
13305_unity,932,364,33,13305
13305_vfw,152,482,18,13305
13307_preston-1,736,626,10,13307
13309_alamo,905,420,25,13309
13309_glenwood,657,237,10,13309
13311_blue-creek,1401,339,50,13311
13311_blue-ridge,552,81,11,13311
13311_helen,301,102,8,13311
13311_mossy-creek,1938,244,56,13311
13311_mt-yonah,2524,514,74,13311
13311_nacoochee,879,329,27,13311
13311_robertstown,237,66,12,13311
13311_shoal-creek,1439,183,37,13311
13311_tesnatee,733,148,25,13311
13311_town-creek,929,163,38,13311
13311_white-creek,1139,104,33,13311
13313_1a,645,640,42,13313
13313_2a,1461,643,46,13313
13313_3a,1001,515,31,13313
13313_4a,1185,654,40,13313
13313_5a,341,744,39,13313
13313_6a,252,533,33,13313
13313_an,667,592,32,13313
13313_ca,931,249,35,13313
13313_co,819,170,24,13313
13313_dg,1534,648,72,13313
13313_es,609,325,26,13313
13313_fi,944,389,45,13313
13313_gl,984,583,46,13313
13313_lt,756,103,11,13313
13313_mc,1023,170,32,13313
13313_ni,1393,270,39,13313
13313_pg,2311,864,89,13313
13313_th,2020,527,77,13313
13313_ti,409,83,18,13313
13313_tr,876,141,24,13313
13313_ut,659,110,19,13313
13313_va,2874,812,85,13313
13313_ws,1464,412,57,13313
13315_abbeville-north-2,272,98,7,13315
13315_abbeville-south-5,550,132,14,13315
13315_pineview-2,262,174,12,13315
13315_pitts-3,554,75,4,13315
13315_rochelle-north-1,85,232,5,13315
13315_rochelle-south-4,646,94,14,13315
13317_courthouse,486,253,11,13317
13317_edward-b-pope-center,194,462,8,13317
13317_metasville-fire-sta,327,125,6,13317
13317_rayle-city-hall,271,136,9,13317
13317_senior-citizen-center,393,629,20,13317
13317_tignal-sch-lunch-rm,432,252,7,13317
13317_young-farmers-bldg,707,200,17,13317
13319_bloodworth,306,38,6,13319
13319_griffin,122,32,1,13319
13319_high-hill,109,28,1,13319
13319_irwinton,283,345,14,13319
13319_ivey,537,95,11,13319
13319_lord,309,225,13,13319
13319_midway,125,516,6,13319
13319_ramah,578,641,19,13319
13319_turkey-creek,239,97,8,13319
13321_bridgeboro,668,140,14,13321
13321_county-line,395,86,12,13321
13321_doles,277,34,4,13321
13321_isabella,873,124,12,13321
13321_minton,377,26,7,13321
13321_oakfield,103,47,1,13321
13321_piney-woods,123,81,4,13321
13321_poulan,480,110,3,13321
13321_red-rock,567,153,19,13321
13321_scooterville,372,26,5,13321
13321_shingler,373,41,7,13321
13321_sumner,457,111,7,13321
13321_sylvester,615,1006,31,13321
13321_sylvester-east,708,209,22,13321
13321_warwick,338,133,9,13321